Name,Cluster,Unnamed: 1,Unnamed: 2,Unnamed: 3,Unnamed: 4,Unnamed: 5,Unnamed: 6,Unnamed: 7,Unnamed: 8,Unnamed: 9,Unnamed: 10,Unnamed: 11,Unnamed: 12,Unnamed: 13,Unnamed: 14,Unnamed: 15,Unnamed: 16,Unnamed: 17,Unnamed: 18,Unnamed: 19,Unnamed: 20,Unnamed: 21,Unnamed: 22,Unnamed: 23,Unnamed: 24,Unnamed: 25,Unnamed: 26,Unnamed: 27,Unnamed: 28,Unnamed: 29,Unnamed: 30,Unnamed: 31,Unnamed: 32,Unnamed: 33,Unnamed: 34,Unnamed: 35,Unnamed: 36,Unnamed: 37,Unnamed: 38,Unnamed: 39,Unnamed: 40,Unnamed: 41,Unnamed: 42,Unnamed: 43,Unnamed: 44,Unnamed: 45,Unnamed: 46,Unnamed: 47,Unnamed: 48,Unnamed: 49,Unnamed: 50,Unnamed: 51,Unnamed: 52,Unnamed: 53,Unnamed: 54,Unnamed: 55,Unnamed: 56,Unnamed: 57,Unnamed: 58,Unnamed: 59,Unnamed: 60,Unnamed: 61,Unnamed: 62,Unnamed: 63,Unnamed: 64,Unnamed: 65,Unnamed: 66,Unnamed: 67,Unnamed: 68,Unnamed: 69,Unnamed: 70,Unnamed: 71,Unnamed: 72,Unnamed: 73,Unnamed: 74,Unnamed: 75,Unnamed: 76,Unnamed: 77,Unnamed: 78,Unnamed: 79,Unnamed: 80,Unnamed: 81,Unnamed: 82,Unnamed: 83,Unnamed: 84,Unnamed: 85,Unnamed: 86,Unnamed: 87,Unnamed: 88
Hindalco Inds,0,0.182261509,0.084634444,0.108286545,0.087007275,0.053572691,0.022286526,-0.006174613,0.041249358,0.11090539,0.09558046,0.10928288,0.093283357,0.072967006,0.05433633,0.042598416,0.045876613,0.083082373,0.111329208,0.1094026,0.064854494,0.034020676,0.042030344,0.037745159,0.024801846,0.008191417,-0.00253891,0.018962551,0.05281101,0.042098784,6.597804626,3.089422894,3.471552577,2.880035207,1.982058714,1.081425515,0.960444505,1.577261582,3.085810066,3.139495611,2.838521338,2.880485087,3.143147699,3.267313859,3.578161653,3.724825002,3.436497809,3.049975694,2.748048234,2.331807627,1.996937976,2.314428653,2.540160333,2.478099461,2.835595877,2.666967837,2.341125897,1.814435138,1.785502029,0.699862624,0.666326094,0.698288874,0.717526918,0.712486658,0.739284317,0.727295127,0.700699695,0.644688916,0.640998287,2.087112231,2.228099275,2.289539712,2.114303387,1.433788431,1.449178668,1.153077248,1.182991682,1.353683456,1.520422035,-118.5439198,12.13799729,21.62681926,10.87153625,10.73229203,12.44446115,16.92360986,12.19622051,12.81350781,11.92764683
JK Tyre & Indust,0,0.263318274,0.076787753,-0.04235291,0.224281538,0.242470615,0.235301675,0.266816259,0.191064648,0.033674978,0.077193136,0.102051162,0.061324307,0.152803034,0.175866711,0.181981402,0.20204652,0.159013322,0.074365523,0.100104399,0.050515971,0.011328265,-0.004742569,0.029362616,0.03468484,0.045068643,0.067743465,0.048820645,0.007983462,0.01700492,3.622214776,1.960782631,0.877333333,2.135510204,2.355684287,2.886290354,3.61264509,2.215460078,1.229452202,1.519037384,4.171913598,5.343492433,6.238083489,5.63366814,4.897455909,4.400686452,3.841397553,5.522140259,5.238012013,3.192479646,4.022823124,5.862164381,5.187743395,4.611385112,3.951035325,3.075366986,4.516968821,4.669772067,4.217146734,0.761477673,0.800908777,0.854273383,0.838390196,0.82179088,0.798022043,0.754623325,0.818741046,0.823626067,0.808324348,2.51168117,3.135679177,3.607955883,2.55072704,2.818665368,2.707814756,1.841094157,1.327025562,1.346714574,1.665155654,-186.7037505,17.8220609,42.04506638,9.679533063,9.401713428,10.39141368,10.80549812,5.391055303,6.932585776,7.337031351
Coal India,1,0.373032435,0.326207743,0.365564796,0.358069887,0.356369825,0.340164949,0.40957467,0.378496857,0.348810679,0.660085537,0.528181532,0.555089601,0.54546905,0.496718218,0.518165737,0.568472735,0.467454559,0.454848036,1.087746168,0.195763989,0.186830643,0.204189022,0.254109279,0.21402352,0.185195454,0.135766142,0.118725596,0.082569333,0.175413315,152.0048659,218.3363696,379.7865028,538.645932,389.5129903,2375.467547,56.30422782,36.19715427,26.04140897,99.6236911,2.41627619,2.32798796,2.406213055,2.442503201,2.536045723,2.959762446,3.848474969,5.339188931,5.420492419,1.768433752,1.577417438,1.644703906,1.289631806,1.474702897,1.757328996,2.278654592,3.86670903,5.263324172,4.057951714,0.638784927,0.61201473,0.621885838,0.563248555,0.595911088,0.637330184,0.694996843,0.794522337,0.840340373,0.802291509,4.043800076,4.528960992,5.388579413,5.072327147,4.775815573,4.599434441,4.758679388,3.282616666,3.091461586,3.05256026,4.019044816,3.077023383,3.06163854,2.24527771,3.582774071,4.445370929,16.19117681,-12.31525991,-4.779882875,-5.932578652
Lupin,1,0.265449816,0.262886001,0.216215745,0.25252009,0.264928436,0.270816289,0.202514115,0.189475587,0.018506216,0.044137669,0.252442907,0.243978977,0.327028632,0.409675232,0.402982027,0.244184308,0.185690832,0.035613908,0.084966237,0.142790706,0.148230701,0.122499086,0.136314884,0.162714517,0.188194058,0.158586767,0.147256523,0.015906005,0.036280863,22.71187321,29.83903712,34.72060897,47.998779,107.2532833,349.09684,56.9751135,24.22913525,3.675850257,5.928596953,1.738942812,1.686258649,1.732051509,1.477934203,1.300213911,1.320247157,1.849013055,1.965476906,1.925773327,0.980450419,0.874309679,0.98914498,0.7232148,0.482398649,0.490544351,1.042322345,0.971264457,0.937487203,1.033830754,0.49506436,0.466470236,0.497271436,0.419689293,0.325417626,0.329104163,0.510361328,0.492711393,0.483867559,0.508317003,2.504304443,2.829096231,2.575922114,3.21335791,3.363285254,2.923409925,1.635379765,1.574140324,1.524470686,1.507947804,3.368329323,3.073810932,2.884144132,3.154921557,3.01187045,4.546720453,2.064470441,2.818675201,2.106740374,2.316670062
NMDC,1,0.401450281,0.391529141,0.376024706,0.230162229,0.212743052,0.19669665,0.0872547,0.112648851,0.155973136,0.177347566,0.702622905,0.6671112,0.484020588,0.339496344,0.313358827,0.131843261,0.161769082,0.261611281,0.28188323,0.554299734,0.56921792,0.578039749,0.59170219,0.52835249,0.513639479,0.394389541,0.288153563,0.327894343,0.380067919,0,0,0,717.7128788,5272.783784,69625.5,63.20411272,207.3075072,167.4725067,179.4126984,0.887241654,0.910322156,0.656407718,1.072111541,1.011164624,1.122073705,1.270609691,1.10288764,1.146261272,0.080954119,0.092557288,0.104943187,0.119413095,0.0503292,0.068406255,0.126961569,0.147702107,0.184440938,0.157354093,0.074891356,0.084716187,0.094976093,0.106674735,0.047917548,0.064026446,0.112658295,0.128693767,0.155719827,0.135960199,8.290433749,10.05406119,10.13062345,8.450183541,8.828348647,8.416198397,3.136228054,4.21364784,3.359616569,3.459923528,0.822798644,0.757456115,0.716155762,0.47064066,0.522808656,0.544844564,0.35316463,1.100857553,1.40914771,1.478792208
Axis Bank,2,0.154990984,0.176765226,0.186043292,0.157871451,0.16434299,0.165694504,0.155897373,0.070113612,0.007099181,0.074312615,0.066961577,0.079203126,0.0829426,0.080396022,0.079256536,0.0757891,0.059021864,0.044733128,0.056994155,0.212916003,0.220385408,0.191852657,0.192440403,0.205300892,0.208464302,0.201637798,0.08750464,0.009778595,0.089904744,1.575797233,1.593483695,1.448844528,1.435357746,1.506839823,1.528705896,1.521271776,1.222245407,1.020500158,1.224063533,10.35555967,11.67007133,10.22346601,9.519578737,9.272079172,9.487295036,9.942993899,10.14290555,10.66347216,10.29652141,11.83960399,11.58457056,9.271431316,9.06337216,9.39584321,9.204902989,9.846955189,9.962015755,11.00744042,0.911477174,0.922115978,0.920537614,0.902642585,0.900629731,0.903807707,0.902007888,0.90780823,0.908775902,0.916718304,9.875234386,6.676267423,9.978088481,12.11718064,13.10344298,14.60218578,12.33199915,12.84061749,12.60851548,14.58664748,0.099203824,0.094571024,0.121160337,0.127321959,0.119998459,0.108098385,0.105977489,0.100168895,0.089893653,0.093155703
Bajaj Fin,2,0.077576483,0.181840941,0.201982855,0.176406184,0.180164175,0.187067942,0.174551273,0.191301114,0.157076374,0.198855734,0.121023153,0.134141932,0.145685699,0.133388986,0.131558651,0.129897336,0.129267387,0.122637955,0.130259785,0.101575725,0.177320802,0.187863997,0.191210234,0.177902316,0.166511505,0.175175721,0.184275086,0.196571155,0.223788927,1.665790648,1.965869327,1.793093912,1.713999001,1.685544114,1.596787671,1.663979748,1.731323797,1.82409905,1.999668726,3.658845319,5.057572485,4.821843955,4.852416776,5.603754482,5.409383297,5.552559185,5.016210866,4.614383378,2.985145852,5.275574143,5.427004597,4.314846747,5.171619651,5.832202013,5.415127904,5.640391821,4.160858331,4.546760494,0.749068155,0.84065203,0.844406522,0.81184782,0.83796798,0.853634304,0.844118463,0.849406477,0.806233782,0.819714588,17.44757185,13.57436647,15.58815477,17.54985529,18.38177105,21.639939,25.43031359,27.59767951,27.20105023,26.56758822,0.218580985,0.175114576,0.178882641,0.189677951,0.172038836,0.174659159,0.16962116,0.183157389,0.167788465,0.183200108
Hind.Oil Explor,2,0.039741854,0.068994695,0.02840554,-0.833796059,-0.230865395,-4.344387846,0.016441766,0.105639373,0.097909762,0.290130312,0.07535897,0.032180708,-0.348379674,-0.080797284,-1.365757674,0.035355345,0.123772558,0.106610749,0.340037188,0.285039166,0.236567251,0.205485157,-4.328607238,-1.582832289,-20.7168337,0.104474506,1.414117647,0.770273045,0.591159387,9.513011152,10.67121091,5.219401632,-55.13584906,-8.938686131,-81.8660775,2.199575372,0,34.5,71.34529148,1.78345045,1.768403405,2.354276894,3.129442387,4.070162979,1.483900691,1.519971547,1.448465275,1.177172559,0.84295514,0.793938214,0.818719366,1.830069107,2.101074747,0.548890393,0.609655443,0.537278453,0.41836069,0.358914556,0.457393195,0.442567201,0.45016256,0.646651738,0.677531152,0.354376524,0.378749033,0.349499762,0.29496072,0.26411856,14.79597701,34.5025025,16.91046278,13.48046463,8.656699889,6.925882353,5.895705521,2.591463415,2.759773371,9.415482955,0.092077969,0.223092407,0.10534133,0.109135363,0.070673007,0.46350681,0.518898488,0.15438639,0.15732696,0.734581925
ICICI Bank,2,0.091045003,0.110181331,0.124733431,0.139672762,0.144476545,0.144596096,0.108177738,0.097379287,0.06971526,0.03723665,0.065336444,0.075560836,0.078977385,0.078224895,0.077843486,0.066738626,0.061926618,0.052261248,0.048232659,0.154882766,0.202559389,0.201156946,0.213962298,0.223151523,0.222816207,0.171687014,0.167187124,0.12406529,0.059101729,1.317214035,1.433586643,1.426993294,1.481154065,1.548003222,1.567294848,1.420761038,1.396412257,1.320426536,1.189094568,9.190115827,9.165221304,9.531879374,9.302829567,9.309981724,9.271049197,9.279335013,9.191784878,10.03143741,8.548939986,8.660082962,9.113975707,8.821383221,8.813946066,8.785895739,8.798093748,8.455276015,9.195777449,9.877631813,0.895276334,0.89648122,0.901126913,0.898181348,0.898104188,0.897812114,0.897939331,0.894238941,0.901920182,0.908068225,7.80721023,5.479756993,6.994661247,8.200405228,8.98506945,9.361613705,6.804841016,6.526048516,6.567594752,7.451192598,0.138075889,0.133632909,0.146570898,0.152008651,0.142854256,0.136820873,0.125942053,0.123915014,0.114237657,0.120364894
JSW Steel,2,0.177938143,0.111569806,0.032644953,0.05643873,0.021344674,0.080601122,-0.017686372,0.155561443,0.221944425,0.219543038,0.121997118,0.099761246,0.106077885,0.092338384,0.103809596,0.01866661,0.139928689,0.170496531,0.202001942,0.084271545,0.07276147,0.015644763,0.025205936,0.008823767,0.033915779,-0.008073668,0.063358751,0.086385942,0.090128249,2.97280498,3.299341671,2.396587963,2.016203633,1.429169975,1.726907585,0.314763494,2.360934183,3.067279114,3.851161603,2.897960407,2.871265857,3.238826381,3.019356357,3.708874611,4.295800106,3.963480641,3.807838878,3.521411622,2.986181962,1.939721085,2.297245263,2.382888653,2.80659255,2.975470667,3.348173653,3.257694176,2.94885349,2.836327058,0.749133379,0.659831674,0.696716525,0.704394645,0.737297862,0.748457457,0.770018385,0.765131088,0.746761939,0.739334008,0.84812039,0.896001169,1.016443541,1.100609791,1.088714988,1.015241217,0.740052106,0.94677337,1.243482921,1.3529947,-3.961625428,-6.615845057,-14.60158812,-9.663689889,-43.68671904,-69.57668059,-12.09319459,36.53350854,37.54331942,14.75317668
Kotak Mah. Bank,2,0.165214248,0.142912264,0.142022659,0.14350755,0.12921937,0.137471494,0.103680565,0.128353395,0.12282539,0.124682653,0.094561,0.103644278,0.102231543,0.097242792,0.099521589,0.095133125,0.082272758,0.079497164,0.079345763,0.284058803,0.262298869,0.216310407,0.201927131,0.205657481,0.228656442,0.169537841,0.221303688,0.246745066,0.240661024,2.073265797,1.842233082,1.584864244,1.521871561,1.58543247,1.653130159,1.451636568,1.639924381,1.734606577,1.696384512,5.840323325,6.175088072,6.561041362,6.75092496,5.929596236,5.35273506,6.702814751,6.208073331,6.23872915,5.96691038,5.72092092,6.158289564,6.597839052,5.407872506,5.706704006,6.218194255,6.175410046,5.689380593,5.839271315,0.856464351,0.851210867,0.860301823,0.868383629,0.843941964,0.850895462,0.861461196,0.860635142,0.850509328,0.853785593,7.495821319,9.94821958,13.76654911,17.48325536,9.481840692,9.616735381,11.5851268,12.69416361,9.882881289,11.09738791,0.19565076,0.177244514,0.183014701,0.182813503,0.18451837,0.167664386,0.144688101,0.128669361,0.121519872,0.123260113
M & M Fin. Serv,2,0.202912931,0.193624311,0.212300566,0.20243037,0.180293556,0.153618208,0.119375831,0.073509804,0.120262689,0.162152521,0.137216587,0.140045476,0.142574053,0.133854757,0.121844685,0.108141239,0.091331515,0.104270308,0.116450808,0.223888955,0.242946098,0.221465077,0.222053487,0.18028981,0.150872519,0.117266114,0.071169249,0.149828136,0.175212339,2.074264121,2.122384341,1.843334386,1.80968999,1.640752139,1.529651911,1.426768003,1.262936378,1.554334888,1.640925212,4.47403537,4.974419214,5.103630054,5.483750538,6.062069592,6.227011985,6.705641883,6.334069772,5.565783612,4.483650403,4.449484868,5.407260778,4.911327532,5.433681546,5.502949828,5.959982379,6.651293936,4.965076646,5.628145127,0.817639724,0.816496417,0.843927064,0.830833261,0.844567998,0.846223633,0.856321475,0.869303152,0.832357561,0.849128228,38.00263032,27.43925866,28.77735961,37.16924858,41.20337796,50.90753828,51.03285548,53.89504461,53.93651984,51.76996773,0.198001879,0.174503798,0.169543694,0.172794147,0.174505465,0.175891964,0.168068687,0.155960228,0.151202593,0.156731221
M & M,2,0.244244359,0.215606067,0.187182445,0.205363539,0.200238471,0.121342199,0.118841641,0.124188443,0.20422437,0.132941638,0.201411014,0.168168534,0.178027506,0.163768673,0.122207116,0.13715781,0.136422014,0.167191015,0.136529346,0.085104279,0.083543522,0.052638313,0.059673777,0.063065829,0.043912636,0.041513331,0.044143552,0.081551394,0.050758456,4.59890056,4.976352571,3.324733131,3.42941663,2.970121161,2.366209542,2.684299455,2.740531622,3.589738381,2.766624513,2.970818106,3.301134928,3.493077638,3.548127974,3.604354392,3.639003817,3.576738706,3.448151875,3.719056627,2.57625886,2.58074455,2.833615804,2.845527461,2.801493208,2.683777853,2.798490525,2.853297691,2.881279471,3.242497076,0.720378183,0.720728473,0.739149656,0.739957649,0.736945472,0.728539548,0.736737529,0.740482029,0.742353003,0.764289761,3.405240955,2.506401683,3.45377413,3.752237627,4.025955663,3.751193118,3.684356981,3.991281628,3.517466265,3.613208413,3.07158647,3.510358113,3.761669299,3.081420459,2.481646277,2.25659801,2.264805921,2.169770808,1.993197361,1.780327206
Manappuram Fin,2,0.249539029,0.43996744,0.496744186,0.184112382,0.090691645,0.103053783,0.128123595,0.22483491,0.177589137,0.203863282,0.25660793,0.27958849,0.20306943,0.251326482,0.119795304,0.126434761,0.174576632,0.134382164,0.151576975,0.199019608,0.246634725,0.266633379,0.179221879,0.107585957,0.136475441,0.149195064,0.221947832,0.19796478,0.224086077,1.867688022,2.854120267,3.266898955,2.182430682,1.334132086,1.4715753,1.578832371,1.997441624,2.006259401,2.081746802,5.410871694,4.376794435,2.885226604,0.499257338,4.231353448,4.310927425,4.196439776,4.223767394,4.084896778,5.791026429,5.018315018,5.84,3.115924913,3.351124114,3.413460954,3.655759162,3.507362127,3.465942348,3.521368504,0.852746855,0.833840536,0.85380117,0.757041243,0.770174333,0.773420449,0.785212258,0.778140746,0.776083092,0.778828025,3.976608187,4.088619403,4.89969419,5.94924406,10.39162915,9.672326554,10.28311553,15.34783001,11.03470968,11.22867509,0.271168417,0.418504726,0.403130032,0.283554946,0.226223223,0.183378131,0.195476776,0.241178695,0.212400832,0.213494877
Muthoot Finance,2,0.389308015,0.370335954,0.304888011,0.268832518,0.182918794,0.13190099,0.144067269,0.181054102,0.22754166,0.201388378,0.188270834,0.208239506,0.172981215,0.148306056,0.129951359,0.146853757,0.163248155,0.169237503,0.162180495,0.211211657,0.213394939,0.196094466,0.186418119,0.15767431,0.155050734,0.166064604,0.205317087,0.28365983,0.286722854,1.721353569,1.731998615,1.561152444,1.535344913,1.453885498,1.487604247,1.582750624,1.835928321,2.470382393,2.371671474,6.716356777,6.44382579,7.017319468,7.353945498,5.476476453,5.002307816,4.457714017,4.287000636,3.501321803,10.02422376,9.286044019,6.988502015,6.874658686,5.002309729,4.265898956,3.813585443,3.713161307,2.945193433,2.890260316,0.909290666,0.902780894,0.874820085,0.873010369,0.833397468,0.810098901,0.792254648,0.787828183,0.746527004,0.742947793,8.674422349,12.6009359,17.31672313,18.61576474,15.82746817,16.80730665,22.31284328,27.59631177,31.25914102,35.71982759,0.188883824,0.17715254,0.207368841,0.196386752,0.211608065,0.178574024,0.204307682,0.212242471,0.220827686,0.194146594
St Bk of India,2,0.141140893,0.128007548,0.144432821,0.143291988,0.096177845,0.10530119,0.067691675,0.001110676,-0.019782266,0.009806749,0.062790242,0.072008575,0.073010839,0.06855484,0.06812311,0.061361907,0.0504468,0.041500895,0.046622132,0.117243649,0.094027497,0.104234864,0.106659374,0.074968778,0.081713446,0.055407006,0.001046791,-0.019899045,0.009077927,1.280352912,1.292565769,1.273948425,1.2422986,1.175549132,1.19413451,1.127068336,1.006336265,0.916475709,1.033493136,17.42089253,17.38808303,15.84682593,15.68323063,15.54263161,15.81953724,15.45300526,15.3967062,15.56070373,16.45606201,18.75854716,16.24929227,16.08415785,15.28179304,15.76078562,16.01889809,14.8620906,14.70169304,15.58225602,0.942713311,0.949388991,0.942026607,0.94146624,0.938581703,0.940336926,0.941241789,0.936956608,0.9363126,0.939694575,18.10478739,18.50415803,20.94838522,19.3220383,18.49471803,16.09185404,14.31266587,4.501866017,5.681543159,6.342446664,0.110842229,0.107615237,0.121595096,0.117676046,0.116703657,0.117355101,0.111867199,0.111101493,0.109212391,0.104297859
Apollo Tyres,3,0.332017156,0.182447472,0.144699358,0.180706117,0.220221962,0.19388176,0.170026693,0.150755492,0.074041495,0.067714361,0.175376675,0.161012991,0.201123654,0.249619418,0.246591502,0.236603309,0.164550069,0.094554475,0.073908914,0.080454491,0.049636209,0.033727493,0.047864382,0.074937481,0.076283823,0.094776074,0.083383662,0.04876961,0.038739883,7.804213504,3.679727678,2.875530839,3.662284509,5.204395754,8.045529144,16.74277514,13.20498215,6.707825891,5.471278256,2.550175214,2.795218577,2.708095634,2.159053249,1.887798962,1.490500055,1.683903628,1.80252106,2.053287917,1.838333791,2.038668949,1.974491399,1.532820663,0.986752413,0.721408881,0.77127037,1.109956858,1.080920108,1.026049272,0.64768062,0.67090854,0.663808071,0.605183259,0.49666602,0.419080492,0.435433451,0.52605666,0.519443348,0.506428588,3.172114498,2.51977552,2.923157406,2.967578659,2.919894368,2.924528474,2.272621082,1.969668983,1.426774571,1.493007499,14.17108455,8.827642503,10.12082577,9.456268286,9.100394903,8.853247579,8.239152203,18.21151827,38.23702921,10.50250162
Asian Oilfield,3,-0.008962358,-0.082513661,-0.109842041,-0.14244186,-0.360461538,-0.726270503,-2.689860835,-0.538620894,0.073293959,0.059868421,-0.062878825,-0.10682029,-0.071372006,-0.131907646,-0.160138933,-0.12586859,-0.08721741,0.118291655,0.089250951,-0.048491379,-0.117711257,-0.218199372,-0.207209021,-0.192317163,-0.191791522,-0.348397065,-0.146396396,0.046350464,0.046941092,-0.65625,-6.316831683,-4.675213675,-2.260188088,-1.472016895,-1.853968254,-1.314049587,-1.34375,2.65615142,2.604895105,1.21373489,1.414844649,1.533324706,1.755027689,3.378217047,6.343280423,7.781527936,2.401445617,1.726318668,0.159828719,0.343715847,0.439611179,0.667081949,1.655538462,3.029577844,15.95924453,5.194436224,0.796769373,0.437171053,0.137803726,0.255795039,0.305367995,0.400149464,0.623428538,0.751835046,0.941035109,0.838564808,0.443445545,0.304188602,0.466566114,1.541086016,1.059590793,1.293566033,1.043422405,1.328459579,0.814065612,1.490647482,2.21998002,2.240897006,0.924302789,1.217077799,0.791101776,0.959057551,-9.173945783,122.4608696,3.130592503,3.763851045,3.258835606,2.451131622
MRF,3,0.184981928,0.211735162,0.269717628,0.20251094,0.221204561,0.200090317,0.347357683,0.172001074,0.116203319,0.104324397,0.237150346,0.285692867,0.236830164,0.291446442,0.270980241,0.49799883,0.22901639,0.16711833,0.152552907,0.044256518,0.04793144,0.063453112,0.048429307,0.066020128,0.068144614,0.124355965,0.11081287,0.075674197,0.070390967,6.746084687,9.518999367,10.13854497,6.308801309,7.300861937,6.839835995,11.13838048,9.221100631,7.387299992,7.043087052,1.815113021,2.012278504,2.461702895,2.223597871,2.026787098,1.676272049,1.675812948,1.64848808,1.611250057,1.037854983,1.373222461,1.765877409,1.532281516,1.271887926,1.171964181,0.840094735,0.753172175,0.702181822,0.707565964,0.509287948,0.578632001,0.638451076,0.605099199,0.559837442,0.539587251,0.45654972,0.429605367,0.412518694,0.414371087,6.054222403,5.605250105,4.943782003,4.0988444,4.11817436,3.879465403,4.378936655,2.437549071,2.454578582,2.366890657,8.556451491,6.533836167,12.0984715,14.84143603,12.0380767,10.27124286,22.85919322,10.80452418,25.56146049,12.35982794
S A I L,3,0.203020378,0.133345549,0.08922291,0.05593185,0.061276711,0.046532023,-0.104018711,-0.074406097,-0.007616387,0.059241818,0.145370571,0.110003875,0.070677147,0.065820555,0.052344304,-0.063682793,-0.028463663,0.0285599,0.080206944,0.169123178,0.115670229,0.077112609,0.051882474,0.056665372,0.044215184,-0.107661065,-0.062343176,-0.004894231,0.035069249,22.73026691,13.90022014,5.869624139,5.089814202,4.1951697,2.443376329,-2.092529722,-0.865516532,0.813433708,2.124985737,1.98092855,2.009989675,1.920708689,2.041591912,2.162043043,2.504556176,2.7651913,3.093521989,3.229475094,1.094154541,1.081477614,0.953277089,1.08179434,1.173503057,1.401810005,1.65812849,2.089529635,2.347455588,2.211117347,0.522480323,0.519572061,0.488039866,0.519645154,0.53991323,0.583647334,0.623795462,0.676326134,0.701265641,0.68858192,2.68095858,2.609817539,2.47924883,2.441903197,1.66117444,1.179977817,0.844392359,0.878914765,0.980739246,1.09122665,1.936407782,2.283311447,4.443144785,4.694409035,6.61350919,6.148186684,18.09604754,18.52263919,21.25044259,15.03923876
Aurobindo Pharma,4,0.308023706,0.230465922,-0.052785673,0.112773241,0.31274749,0.305624031,0.277893047,0.245591347,0.207455725,0.17023738,0.192888613,0.012489958,0.111659947,0.271771489,0.271830352,0.273622258,0.249561729,0.227427843,0.179798429,0.160268537,0.128981675,-0.026759984,0.050297737,0.144999116,0.130193526,0.147047633,0.154374984,0.14718858,0.120874279,11.32206868,13.19149265,0.231892945,2.403052805,5.941062677,14.56008007,11.69068952,46.87589928,42.70329388,12.77208682,2.242120213,2.454720262,2.522593678,2.333491192,2.13526071,2.080336183,1.913811039,1.575453168,1.680125297,1.619519102,1.401917516,1.666052615,1.845899085,1.535466581,1.510328924,1.187544084,0.769487756,0.839095683,0.935383038,0.618250541,0.58366597,0.624913629,0.648617196,0.605595275,0.601645828,0.542866355,0.434864697,0.456254501,0.483306415,2.054738872,2.512625101,2.102886565,2.213981742,2.971951045,3.266180741,3.294899861,3.084447368,2.524741285,2.308424338,2.064901347,1.80177189,1.8048956,1.847951644,1.810311295,2.215940548,1.91870519,2.405416306,2.048891798,1.889466014
Bajaj Auto,4,0.587876758,0.718687724,0.501275955,0.388415806,0.332467154,0.272694253,0.289668345,0.228458769,0.206555712,0.212087901,0.961885142,0.708861538,0.593600114,0.505851745,0.381582262,0.448195049,0.348062441,0.308117234,0.317055671,0.13858309,0.210566188,0.155684018,0.156437076,0.167864631,0.140105041,0.179910329,0.187522064,0.167352706,0.162896414,341.4103704,1857.891213,177.0886354,3594.789916,5677.670732,630.1140216,5409.466667,3992.107143,4530.320611,1553.584821,1.896376335,1.685884944,1.578483667,1.390449833,1.453647676,1.282292341,1.089673142,1.139245506,1.160990448,1.625871848,0.909367576,0.835898397,0.571637757,0.51999162,0.451313707,0.23875221,0.221185816,0.240811369,0.245106593,0.619174104,0.476266376,0.455307548,0.363721064,0.342101636,0.310969093,0.192736052,0.1811238,0.194075727,0.196855911,6.35941578,8.844076951,10.19885106,8.50180648,7.571359818,8.821558559,11.14381415,10.86763347,13.42145949,17.1490867,-9.438351677,-16.71977826,-96.81168735,-37.99855787,-19.64579512,-44.93900739,22.73213297,47.76323358,-88.96785008,32.06075123
Balkrishna Inds,4,0.321460544,0.225843153,0.242270827,0.242480942,0.25044853,0.207633635,0.16062966,0.20233653,0.180190969,0.166245493,0.234402619,0.199761513,0.174695158,0.184779953,0.169750051,0.153455214,0.224964244,0.228814751,0.227002404,0.143551833,0.091347508,0.089241806,0.103203771,0.125951697,0.123933933,0.137713265,0.192530819,0.165577131,0.148493567,17.88722193,14.40186047,14.67554645,20.39680233,26.71631464,15.93280301,17.91969887,49.11818182,76.25556305,95.57877814,2.122146311,2.20847811,2.517586601,2.488927767,2.409406722,2.107863887,1.718067838,1.520317325,1.34815527,1.402383363,1.527346607,1.895106659,1.878808039,1.651545054,1.338865016,0.955835132,0.636293842,0.44229427,0.395748723,0.583746701,0.604328113,0.654589582,0.652634012,0.622861396,0.572442192,0.48870946,0.388862822,0.306660214,0.28353866,2.360149108,2.937931986,3.451818338,2.538982873,1.577341984,1.578660175,1.132154276,1.307003472,1.559695206,1.869926782,3.991889912,3.095875674,2.054183196,2.699820032,3.732623446,3.343839064,4.330394295,5.946433705,5.047524393,4.935385169
Britannia Inds,4,0.364851485,0.412078643,0.487694601,0.467079449,0.495357783,0.553075632,0.394219001,0.328016407,0.294821548,0.272525716,0.2450258,0.314896748,0.41019826,0.613353155,0.815594192,0.678306407,0.519240797,0.474732845,0.443357202,0.027347591,0.029147087,0.036378585,0.041953565,0.057191753,0.087630847,0.098196667,0.097687344,0.101294232,0.104853424,5.629424307,5.289479716,7.408173077,9.678692494,69.67551267,247.007772,251.6078029,240.266055,201.0237154,195.4917492,5.055992642,4.471381937,3.871199793,2.822714211,2.09673946,1.688035507,1.47468098,1.362352421,1.368936272,4.442432815,4.041499249,3.563799888,2.438820692,1.683903221,1.261896539,0.687858563,0.541666358,0.539141514,0.485708576,0.816258641,0.801646306,0.780884345,0.709202634,0.627408324,0.55789313,0.407533296,0.351351221,0.350287163,0.32692049,7.555793648,9.129473747,8.785166322,8.394964712,8.155723876,9.310152002,8.836956979,7.805317287,7.367709572,6.547811408,59.11798809,122.1351351,187.7265572,-109.0516573,-33.77325581,-389.0306931,21.31060298,7.913930092,10.12427111,9.667821068
Cadila Health,4,0.310162726,0.32742344,0.252368614,0.221939209,0.233672579,0.270627528,0.339328327,0.21375,0.203076219,0.178003716,0.305043379,0.240074708,0.182053551,0.172042294,0.232075631,0.286025751,0.163134467,0.182617484,0.158806791,0.141322291,0.153543817,0.123990652,0.102788744,0.11124031,0.132997353,0.205149149,0.158662614,0.14916547,0.140426566,8.355663825,13.05293276,5.347016968,5.793716657,11.44567627,22.28865979,40.74810606,37.14125561,26.37870472,13.31059432,1.991842105,1.956825157,2.347750615,2.344513198,2.114139339,1.855127226,1.666866785,2.120513229,2.040144688,1.323917716,1.143541331,1.510537917,1.541382238,1.363913928,1.170947408,0.85124228,1.392356322,1.231665618,1.456216362,0.569692165,0.533482287,0.60167899,0.606513343,0.576972754,0.539371614,0.45982219,0.582002066,0.551904196,0.592869742,2.121883163,2.526792535,1.842182633,2.101302221,2.312568026,2.58078277,2.515221858,1.629250578,1.836439083,1.082368029,4.667754995,4.730894973,3.485629139,3.200291956,3.545521472,3.329471983,3.114958861,2.114682003,2.206368034,2.855073407
Eicher Motors,4,0.079041905,0.153326732,0.206793782,0.184775114,0.191659126,0.244592306,0.366276221,0.311891145,0.278755404,0.246978266,0.34048845,0.466368496,0.364187715,0.346395585,0.425327885,0.601304345,0.533680515,0.493912325,0.405813689,0.028377169,0.042964877,0.054318646,0.050745787,0.057848982,0.070420859,0.216740693,0.237024694,0.218592163,0.224835818,22.60438293,44.96526316,87.0756193,159.23219,86.0964467,102.4948875,886.3396226,684.5337079,584.4550562,450.834925,2.183879501,2.182807575,2.351783548,2.365749768,2.364020581,2.103498975,1.101205135,1.134899484,1.196765397,1.367209789,1.413987047,1.557928647,1.568320522,1.628805792,1.578915361,0.356224457,0.313784478,0.357522756,0.279359594,0.577561733,0.58574757,0.609058681,0.610640498,0.619599134,0.612240085,0.262658924,0.238840147,0.263364098,0.218358932,8.083819322,11.43940892,11.26922009,6.442720307,4.111850447,3.783920011,7.818564065,8.058571461,5.969913897,5.226269351,5.74489756,10.60866628,34.03436714,-17.90637523,-8.450246318,-7.09509581,-10.34687002,-9.054740203,-38.17638292,5.27109069
Goodyear India,4,0.340206665,0.276296351,0.204056488,0.159114024,0.222125148,0.203771914,0.195010747,0.180135204,0.162006507,0.117711505,0.472405272,0.345485195,0.263836895,0.370642863,0.341008117,0.337566947,0.301195883,0.267904351,0.193061804,0.073574858,0.058801336,0.043367039,0.03855712,0.060848922,0.064731044,0.069212231,0.084248333,0.078068589,0.053386404,29.49104859,30.34391534,19.47216891,23.15445026,66.7037037,46.01759531,57.87345679,59.2172619,69.9550173,53.71333333,2.012932455,2.042330024,2.105087324,1.927276001,1.882933296,1.620504973,1.415319407,1.460586906,1.56596438,1.274902253,1.21495051,1.229551701,1.116595095,1.045950413,0.811786728,0.522438611,0.55881937,0.629339683,0.546844727,0.560420674,0.548522644,0.55147934,0.52754308,0.511229601,0.448058657,0.343159066,0.358488854,0.386254438,0.353522702,8.256399601,9.185257382,7.846688794,7.39290414,7.353310502,6.526225746,7.816461128,6.667431092,6.761260712,7.618688982,17.06890034,17.48076395,13.91293788,10.51688386,8.520502646,6.514265484,4.755613577,3.367201942,3.142169539,3.378649184
HCL Technologies,4,0.200290449,0.215174092,0.246332265,0.307021517,0.333100504,0.302053839,0.204537522,0.261191538,0.239680097,0.244645361,0.243547733,0.306805083,0.41006396,0.462082487,0.405362431,0.266697255,0.34286868,0.314811136,0.310191021,0.103754113,0.104670375,0.116305138,0.157932861,0.202513031,0.199368577,0.179934507,0.180919946,0.172457434,0.167474804,8.212844127,14.31364969,23.50438197,50.89481159,70.1469869,100.9348898,96.27307172,119.4494382,160.7681159,73.54022989,1.810273617,1.591393189,1.596333316,1.37440629,1.373022835,1.367431359,1.306487998,1.328968054,1.241871592,1.006822209,0.818404101,0.866083584,0.707756984,0.537507586,0.456798706,0.43904797,0.398282194,0.326856483,0.431634676,0.501699754,0.450067232,0.464118323,0.414436592,0.349596705,0.313563366,0.305096132,0.284836777,0.246338988,0.30149778,2.507694819,2.998682751,3.227991198,3.78836112,4.318097674,4.435048041,3.204575091,3.122284214,2.69658188,2.640117092,4.444534371,4.766565863,4.833354603,4.096922311,2.695790299,2.418377211,1.783710889,2.875589409,3.324720579,3.001390752
Maruti Suzuki,4,0.215446621,0.166498938,0.107255641,0.129768024,0.132715245,0.156564577,0.179553175,0.20255913,0.185152986,0.162428518,0.227238617,0.138544743,0.173399731,0.177712367,0.214243139,0.274626331,0.298706539,0.286960564,0.237951161,0.088697768,0.064119195,0.04658367,0.055732613,0.064049949,0.074946753,0.095455729,0.110301829,0.098735237,0.088872235,99.04545455,107.6326531,35.8262987,16.52123357,21.23739837,23.8466483,93.83598531,114.2796421,33.2929439,140.9710145,1.280966653,1.280257475,1.336030545,1.361917077,1.378602548,1.259068999,1.28104581,1.320138885,1.351165346,0.392748674,0.341363357,0.478931016,0.450262248,0.469092499,0.422096026,0.416177816,0.417779048,0.423116867,0.363742539,0.281995368,0.254489848,0.32383594,0.310469536,0.319307667,0.296812605,0.293873983,0.294671479,0.297317021,0.266723761,5.722255526,6.550971473,4.659466787,4.420846763,4.036886992,4.067528724,4.596236113,5.115057811,5.960907624,5.575359681,231.5453834,13.40155095,19.37920851,37.32468408,-63.64932838,-18.86634233,-17.11208177,-11.06191815,-8.903523059,-11.79650772
TCS,4,0.381158966,0.371567736,0.353248372,0.361059708,0.389551042,0.392066241,0.341484692,0.304927274,0.303378442,0.35185475,0.514421794,0.515686029,0.530483106,0.576424304,0.52550966,0.521186178,0.437777215,0.397305065,0.477587873,0.233129929,0.242951348,0.212981679,0.220946577,0.234250335,0.209746577,0.223386043,0.222852347,0.209790096,0.214880209,515.8838509,417.1865559,627.3297346,374.0610435,660.4460021,253.4089644,965.8484848,1079.53125,656.6153846,210.9141414,1.280955813,1.213013724,1.215156613,1.189140156,1.345048639,1.210464891,1.133362156,1.208798777,1.217787299,0.491513999,0.339122902,0.402020677,0.35340205,0.364734374,0.454749267,0.254094439,0.201185422,0.248672587,0.286854639,0.329540319,0.253242553,0.286743757,0.261121261,0.267256677,0.31259632,0.202611886,0.167489064,0.199149553,0.222911454,4.456631983,4.990514889,5.644596089,6.409179478,8.571514187,8.132585278,9.22762018,10.08170242,10.28180072,11.9172498,4.27002669,2.657691278,2.694317304,2.503826128,2.453416216,2.709959074,3.099654789,3.771170998,3.408572378,3.121214704
Bajaj Finserv,5,0.212968077,0.299334121,0.262358772,0.201668826,0.165851694,0.154112675,0.139142312,0.143014036,0.129388652,0.135447734,0.292021495,0.230989817,0.216748591,0.179936152,0.165842874,0.154064462,0.152192168,0.14146938,0.140151789,0.569374434,0.461579865,0.492801939,0.195358249,0.256412513,0.149079956,0.090743905,0.092295765,0.080647036,0.075554742,0,6.474762569,3.991829055,3.250045697,2.857779457,2.458162524,2.322250995,2.325123511,2.345996469,2.246896421,12.4049312,12.24602053,9.217463824,7.640308889,7.338176219,7.246012133,7.118994713,7.086868209,7.308812476,14.00140171,13.50591505,10.66154214,7.378608987,6.989739184,7.047781779,6.763574491,7.13243429,6.894536136,7.782419953,0.933339563,0.931062605,0.914248048,0.880648446,0.874839469,0.875742158,0.871193353,0.877035588,0.873330113,0.886136167,0.034118436,4.164402221,3.319499132,6.668888208,4.770678538,8.991084106,16.12299574,14.89443296,18.33996149,20.31895766,-0.02818535,-0.072522616,-0.093475689,-0.340357252,-0.339109406,-0.738266491,-3.713809257,-117.0973291,2.201157028,1.073755377
I O C L,5,0.204207285,0.136008536,0.069997499,0.070578909,0.104333308,0.071362168,0.133613049,0.194419669,0.194859977,0.1545018,0.120874024,0.077767801,0.079624158,0.100943731,0.075638888,0.152761668,0.201969475,0.222246868,0.158722297,0.042844834,0.025276938,0.010334415,0.00963449,0.014509396,0.010927578,0.034742473,0.055854426,0.052645031,0.032901136,9.466827204,4.351952382,1.671670872,1.628690069,2.677558576,2.6696222,6.182297596,8.468642218,9.889851699,6.263906964,2.841255811,3.157075914,3.61839058,3.754893719,3.890254502,3.005965926,2.494114951,2.647810584,2.693148091,1.979707535,2.233791071,2.698182309,2.900150501,2.916583153,2.467727419,1.662041434,1.800535182,1.676538734,2.046659958,0.664396593,0.690765427,0.729596889,0.743599638,0.744675407,0.7116267,0.624348447,0.642925393,0.626383139,0.671771706,5.500593404,4.942413785,6.331459343,6.92248378,7.00399993,6.170815488,3.613644988,3.172157558,3.514276536,4.151356738,20.43293883,13.38584975,9.56205716,11.15163247,12.47390262,101.3671986,-74.6872584,-49.84550347,-96.90892913,53.87806893
Tata Steel,5,-0.088070031,0.253850778,0.126472268,-0.206530798,0.088692725,-0.125218306,-0.009233059,-0.119310236,0.229271993,0.153313094,0.186851389,0.129336594,-0.001606686,0.098380497,0.029545588,0.037489345,0.030426364,0.197487774,0.14772154,-0.019622607,0.075641718,0.040555171,-0.052390612,0.024189517,-0.028139176,-0.003754044,-0.037763329,0.109001472,0.064808835,1.008871591,4.059308152,3.019943013,-0.041541187,2.55001003,0.71366304,1.045688526,0.725846773,4.874641138,3.06793645,3.864991856,3.553193363,3.888959357,3.993607053,4.861981902,4.458380078,4.821871056,3.783977274,3.468638759,3.929912873,2.916212788,2.503680054,3.36522774,3.311238835,4.177148469,3.477990619,4.010974752,2.707036194,2.664681873,0.797156659,0.74465126,0.714585811,0.770916878,0.768048109,0.806843477,0.776685553,0.800438029,0.73024272,0.727125018,2.006991228,2.28962151,2.241637988,1.981005447,1.983975982,2.048502996,1.412258434,1.220558971,1.282443276,1.267007072,10.07925346,5.231898986,6.99146818,7.857795992,9.702041943,11.8051425,22.48434813,-66.48870337,6.130601958,8.462393662
TVS Motor Co,5,0.054055797,0.187611813,0.183540097,0.21990916,0.160488616,0.247812597,0.235993797,0.230699807,0.243668758,0.222281455,0.14083727,0.168147824,0.196901624,0.200875243,0.233722047,0.242865628,0.222962066,0.193279103,0.158225267,0.007377345,0.019553781,0.017828803,0.026301949,0.022221984,0.032007286,0.037720641,0.041021872,0.03992289,0.034953886,1.238607099,3.521548679,3.571493315,3.80156658,4.8343114,8.151183384,9.284632962,12.035894,3.752084442,2.632273138,4.275091395,4.223048327,4.24245304,3.382432216,2.967756472,2.930867835,2.594638272,2.567697477,4.599688407,3.488259958,3.347831187,3.759484382,2.876742218,2.177140494,2.477212505,1.878260965,1.834867602,4.023173465,4.341271919,0.777196506,0.77000027,0.789893207,0.742051459,0.685251564,0.71241332,0.652567987,0.64724984,0.800922662,0.812778676,3.888571282,5.057336755,5.050304982,4.714611242,5.525771497,6.266215754,5.582079739,5.27616572,5.281526254,5.987878698,19.58381104,43.47783906,147.845695,-715.9647283,-72.57891092,58.67828127,-96.48935629,-229.8528218,2.828691914,2.546359941
UltraTech Cem,5,0.237182569,0.128430673,0.187397169,0.175824169,0.128392669,0.110200103,0.112917241,0.111304208,0.084233218,0.08576491,0.181777538,0.206392115,0.199556568,0.136710529,0.133827913,0.129822044,0.137927187,0.115310533,0.104811852,0.154120673,0.100202038,0.129551186,0.130534377,0.106415576,0.090033592,0.098517726,0.106992174,0.071732375,0.06513569,14.56951168,6.969378678,14.04656423,16.32539431,8.916885995,6.090501441,7.041515098,7.049132948,3.667638979,3.284927385,1.100468156,1.85847313,1.786876101,1.837310164,1.788501696,1.875560943,1.832125673,1.709413557,2.140179947,0.818901406,1.048553529,0.954436926,0.955074299,0.885269964,1.018605465,0.934238388,0.779118797,1.221594881,1.331770835,0.450217589,0.511850686,0.488343683,0.488510488,0.469571988,0.504608495,0.483000645,0.437923987,0.549872927,0.57114139,1.431401263,1.068195464,1.393328186,1.363053448,1.145341083,0.998429498,0.993829175,0.979585581,0.780017273,0.810198752,-11.15735594,-15.84414695,-214.5080944,-26.04603918,-32.71574213,-19.06343247,36.563662,-39.07684489,-38.14960038,36.38267844
Ambuja Cem,6,0.188142234,0.172416288,0.152236855,0.146998946,0.135128394,0.147617123,0.078653348,0.055753214,0.073352618,0.097333629,0.243864767,0.226068157,0.232373693,0.170412142,0.187575615,0.124026967,0.14330879,0.146672684,0.143321375,0.1741176,0.173089258,0.144632446,0.132646174,0.139572278,0.149316849,0.085608712,0.054996151,0.064228892,0.083614493,81.3285778,35.11850483,32.83458084,25.1611012,23.44659176,28.06361556,13.68789878,14.12399503,14.44994654,18.11753666,1.289455788,1.349601262,1.382950383,1.364103772,1.340065923,1.37777544,0.950423231,1.648335322,1.674704735,0.374931583,0.417729675,0.445776455,0.415620052,0.383126416,0.391555288,0.392236696,0.683732138,0.743495612,0.690375441,0.272691083,0.294646915,0.308330139,0.293595765,0.277000288,0.281379613,0.28173133,0.406081301,0.426439623,0.408415447,2.029071726,1.295579684,1.354776364,1.638329157,1.490320901,1.577800917,1.529437601,0.938508187,1.129698606,1.261921676,-28.2071763,35.35536389,14.78865854,12.15035083,9.618671119,9.899605223,6.007008364,-8.67123666,-23.09663755,41.15062735
Bajaj Holdings,6,0.247901858,0.311745134,0.193452319,0.179445515,0.16564408,0.151512369,0.148119571,0.138803675,0.105342081,0.113102778,0.137212528,0.034088718,0.033853155,0.035765194,0.040421058,0.029972234,0.038069271,0.127359619,0.121564926,1.917804363,2.586218031,5.686126443,5.507402023,4.696613814,3.87311282,4.818531833,2.936024977,6.325803608,7.144082494,0,0,27494,32203,0,0,0,0,0,0,0.921789461,0.98447385,0.960285644,0.964503781,0.980477083,0.968605845,0.935080616,0.831811801,0.971016919,0.085661317,0.065679931,0.052390432,0.041602345,0.037441516,0.037313628,0.012260909,0.004153688,0.004751752,0.00467641,0.078902431,0.061631949,0.049782315,0.039940717,0.036090242,0.035971404,0.0121124,0.004136506,0.00472928,0.004654643,2.897634584,2.40476063,0.769336981,0.633590226,0.795769086,0.96317744,0.863506117,3.794756284,1.951499651,2.205281927,-3.210138707,4.433458387,0.686464121,1.429837957,2.974973638,-2.295019493,0.319138392,3.636504921,1.021716372,0.85008467
Cipla,6,0.183161692,0.14844745,0.149790612,0.171294469,0.138145438,0.10943959,0.118093437,0.080230969,0.099129325,0.101763356,0.180571795,0.19940132,0.241225568,0.190356986,0.153213654,0.132393906,0.082790853,0.101973041,0.119374598,0.201993835,0.156482454,0.162980667,0.186591186,0.136474666,0.104074412,0.09862075,0.069915918,0.093069213,0.093366442,47.85830389,47.31434263,38.76238915,62.79209673,13.89995883,10.82975816,9.358079659,8.668277074,15.61489976,13.34423796,1.162328751,1.201935539,1.122583612,1.222849825,1.295795167,1.414282422,1.799785369,1.571522643,1.64014805,0.236620157,0.289635816,0.223964613,0.292792293,0.343427841,0.461929663,0.880070891,0.677107798,0.685280048,0.664125636,0.19134425,0.224587292,0.182982915,0.226480537,0.255635495,0.315972563,0.468105163,0.403735406,0.406626809,0.399083832,2.664876664,2.043785429,2.183402841,2.293462273,1.565987375,1.661206154,1.471992844,1.51646864,1.523160911,1.702934736,1.802234163,1.935239448,2.496403338,2.389037815,2.786176733,2.55398503,3.043997475,3.192806681,2.469603546,2.521238615
Colgate-Palm,6,1.297905615,1.048248926,1.025448449,1.014624482,0.899963326,0.725646485,0.563673572,0.453312922,0.441667049,0.536077415,1.459289312,1.439588062,1.433531885,1.33635621,1.139089184,0.927388196,0.738819181,0.702563241,0.749746276,0.215707959,0.176190747,0.165777387,0.157010061,0.150851819,0.14037881,0.150243395,0.1450166,0.16078673,0.173799925,324.2,323.9440994,390.6622517,0,0,0,0,0,0,458.02,2.538779993,2.567460705,2.479491448,2.4321918,2.216099839,1.923946352,1.769320213,1.651402046,1.725714824,1.764312655,1.739070434,1.63382255,1.706141874,1.530922851,1.249532662,0.977614836,0.813981787,0.681649733,0.815434595,0.63824642,0.634912638,0.6203237,0.630470224,0.604887206,0.555463223,0.494340363,0.448726549,0.405345846,0.449167707,7.94569751,8.95867477,10.58560648,11.27274995,6.437750715,5.094731186,3.836957169,3.593343621,3.654711103,3.747264559,34.69218529,27.83081608,41.74194048,52.86232247,-26.57466399,-21.00511684,-44.65185271,-124.1990019,22.16326207,40.86848613
Gillette India,6,0.24009177,0.143502016,0.122291122,0.134251344,0.079911727,0.213015599,0.228673315,0.505543237,0.329957648,0.324939617,0.228765591,0.191833388,0.218007237,0.120477454,0.317073171,0.388359461,0.530270033,0.589325321,0.471158678,0.162704582,0.082284284,0.062070718,0.061203997,0.03094049,0.084356696,0.122060056,0.146053474,0.136595402,0.135857975,5320,13398,11698,6913.5,216.3055556,47.24731183,58.74234234,56.53709199,47.19302949,44.1910828,1.433857239,1.377681207,1.656158109,1.618439069,1.534319527,1.449909468,1.989952896,1.679525272,1.648539259,0.470708769,0.399390345,0.696234215,0.61124717,0.652208373,0.639639518,0.526777135,1.004234834,0.748494627,0.56292718,0.32005573,0.285403102,0.410458773,0.379362758,0.394749466,0.390109845,0.345025559,0.501056471,0.428079455,0.360174925,6.984167772,8.389935091,8.055328139,8.366664708,9.626947807,12.00320164,9.8523863,8.093745621,6.341855452,6.201778933,1.881912803,2.372060356,2.838140877,3.169998219,4.0535135,3.584000918,2.617758947,7.764091764,4.30624037,4.103895245
Hind. Unilever,6,0.808050417,0.839521746,0.758109033,1.336575013,1.115421693,1.08332754,0.631522897,0.663701068,0.716110424,0.769543663,1.092547722,1.129461676,1.549860819,1.62408882,1.656053069,1.116951866,0.944303246,1.025311145,1.132944186,0.121585426,0.114673206,0.119074104,0.14179312,0.134966309,0.136464846,0.128969117,0.134973765,0.146687298,0.154006614,375.0240964,2928.633663,2195.957576,197.968507,129.2000983,358.0344633,355.4705882,185.7714286,282,261.7272727,3.595024316,3.285947852,3.545666338,3.845534094,3.700017317,2.774825291,2.274686491,2.299322638,2.412859783,2.639488484,2.854319092,2.152525889,3.296913888,2.956387517,2.651722665,1.304275065,1.390865955,1.509957423,1.425448074,0.725236114,0.740550801,0.68279404,0.767274834,0.747244173,0.726156641,0.566024033,0.581741503,0.601586867,0.587705047,8.010246753,9.005172142,10.35695094,11.10621733,10.64500553,11.33359683,9.879066912,7.504412763,7.85004417,8.337221633,-17.07177093,-20.72320144,-20.71115608,-13.39031973,-12.3135575,-13.95026332,65.41869919,-23.33708656,-61.17900172,304.7286822
Hind.Zinc,6,0.222987017,0.21747875,0.205572209,0.213766749,0.184528622,0.18863716,0.21867059,0.269956176,0.258154291,0.236750484,0.293620859,0.281633415,0.265291623,0.229997554,0.23755229,0.214025428,0.27338432,0.341429433,0.293277836,0.504106913,0.488136967,0.484514669,0.543272986,0.506350817,0.553001375,0.576475566,0.48144503,0.420070646,0.376740222,115.1646175,327.0147702,498.8164875,292.1437081,178.3411215,408.0659294,508.2352941,51.4950495,51.80081301,93.53097345,0.994853551,1.014279426,0.997487702,1.01838669,1.032885448,1.215204426,1.560199443,1.624765872,1.295166602,0.115868102,0.112138583,0.097574667,0.099506626,0.11480744,0.131560695,0.422896884,0.75997403,0.25322832,0.336170213,0.103836736,0.100831483,0.088900255,0.090501161,0.102984099,0.116264815,0.297208384,0.431809798,0.202060803,0.251592357,1.300592626,1.383909482,1.339780472,1.496962425,1.490725628,1.565543495,1.365527203,1.728509957,1.953813484,1.429016105,-191.8853518,1.876494404,2.181156316,1.554396611,3.228970668,3.181256722,-1.331674336,9.256698821,18.58754209,-56.01591512
Infosys,6,0.271855612,0.263127502,0.26592621,0.248170764,0.239299349,0.24385052,0.218466572,0.208068772,0.246892473,0.237174355,0.380499745,0.408424653,0.369385223,0.357156706,0.363109609,0.333214794,0.305233848,0.302751951,0.324029229,0.27552546,0.248536417,0.246991166,0.233668715,0.212554605,0.23203736,0.21602793,0.2095818,0.227290775,0.186319927,3974.5,4663.5,2925.75,2560.8,1637.444444,1441.333333,0,0,0,0,1.131504335,1.098241083,1.114358249,1.129198779,1.202401696,1.184334993,1.152792864,1.255053956,1.230297757,0.203349386,0.211464429,0.232829057,0.226325209,0.286189086,0.312815358,0.220361493,0.218129367,0.230534633,0.304705303,0.168986155,0.174552734,0.188857535,0.18455562,0.222509341,0.238278259,0.18057067,0.179069131,0.1873451,0.233543393,4.598059038,5.253295129,6.072727273,5.652332259,5.983886369,4.699365415,4.664649634,4.8299598,5.608557341,5.26257161,1.625357347,1.352530369,1.359419706,1.462081959,1.624530136,1.467064715,1.372148728,1.85016885,1.827941939,2.259558884
O N G C,6,0.191343782,0.194714866,0.20627235,0.15878867,0.153972085,0.101596414,0.065087574,0.125622977,0.108352348,0.139794874,0.281197969,0.315099112,0.228643201,0.202991218,0.132703775,0.099716131,0.175028678,0.151137769,0.190442828,0.202831493,0.197251488,0.200814858,0.149518937,0.152230632,0.113927537,0.103802445,0.086437954,0.068501814,0.072368354,61.58911966,79.39098054,99.41923616,76.94495659,64.12911441,10.55752423,6.325142475,12.61689283,8.843005857,10.38318887,1.616138851,1.602237678,1.610731756,1.617092138,1.84334926,1.857338304,1.751303102,2.239289576,2.183682625,0.727066689,0.748891004,0.705697772,0.721118418,0.887801636,0.946673841,0.73612669,1.294779048,1.259257952,1.276133034,0.420983563,0.428209078,0.413729667,0.418982454,0.470283328,0.486303263,0.424005169,0.564228198,0.557376793,0.560658369,2.82069979,3.174793551,3.63621952,3.298786231,2.693064975,1.809582873,2.674033448,3.465895893,3.889431241,4.884271979,1.582657936,2.356404305,2.288078562,2.361420767,2.181161657,2.081030846,1.171549314,4.475977513,3.267824362,4.065788668
P & G Hygiene,6,0.33624495,0.251202904,0.260085504,0.252346893,0.301146675,0.281716965,0.255784669,0.822492967,0.465040348,0.461058676,0.311432523,0.343769988,0.381013872,0.515103251,0.453965352,0.445602438,0.626465862,0.881768072,0.714830627,0.201247089,0.151344628,0.139732236,0.121212483,0.147259305,0.148316687,0.185682454,0.186489398,0.152564463,0.142246733,11682.5,5892.666667,7435,28621,86.4025974,88.5541958,102.3556619,65.46928983,110.3552632,111.8266423,1.470381495,1.364907873,1.476929631,1.394398912,1.361250773,1.362393507,2.00212131,1.75438939,1.678109836,0.561125243,0.474451826,0.591644669,0.565452243,0.514478014,0.59696585,0.319915485,1.220196913,0.785983861,0.806668427,0.359436404,0.321781843,0.371719065,0.361206958,0.339706492,0.373812533,0.242375734,0.549589501,0.440084526,0.446495004,6.850832119,5.236526946,6.539694541,7.802671383,8.56306626,7.557854853,7.16816306,8.121521823,9.81684059,12.58005294,2.644326693,2.476168004,2.761974709,3.052675661,3.083100328,2.64929448,1.750798304,11.62699805,4.59869641,4.462433173
Piramal Enterp,6,0.286012737,1.088450731,0.009918138,-0.021195387,-0.053793238,0.242839724,0.069872995,0.084147429,0.230649228,0.061652797,2.138478264,0.025991046,0.024118939,0.032979256,0.187047392,0.079277104,0.089624707,0.088489049,0.087797648,0.13295737,7.700384919,0.05164739,-0.064567538,-0.111356641,0.556347253,0.14266949,0.147269702,0.481749181,0.111468188,3.718948915,187.4524372,1.561078622,0.664840611,0.58576764,6.944672934,1.994974298,1.64513683,1.659359366,1.456233247,0.567663932,1.206920742,1.345338778,2.035816094,2.059066372,1.706985174,2.237195177,2.611956565,3.171405955,1.27776294,0.176616747,0.314316009,0.902687167,1.325794491,0.795158117,1.404290894,2.25448696,2.291997584,2.603500476,0.56097275,0.150105587,0.239147973,0.474427527,0.570039398,0.442946005,0.584076951,0.692731908,0.69623307,0.722492058,1.832993653,1.15886737,1.181143245,0.616559329,0.727304151,0.725045045,0.842694225,0.852692851,0.991189247,1.180288835,4.344376656,0.175567945,0.509638628,0.790421595,1.64027671,1.302876313,1.260702485,0.914310997,0.406530861,0.311102605
Sun Pharma.Inds,6,0.172575748,0.191500445,0.217124695,0.19900692,0.169580485,0.177390834,0.137824759,0.190077312,0.054697865,0.064368039,0.235617255,0.301223971,0.313461687,0.254593542,0.250823983,0.186522761,0.214841818,0.083986877,0.086768605,0.337142073,0.317055116,0.331279171,0.268006041,0.195360676,0.165719128,0.159571215,0.220541927,0.079114486,0.091702617,231.0552846,28.55752572,119.9843972,100.9742817,104.6698348,12.05874022,13.55758352,23.6309905,7.721757443,7.862134174,1.048054468,1.139378704,1.212271138,1.228878808,1.332169397,1.680591182,1.607020994,1.651999139,1.635773389,0.15879222,0.304726615,0.348696201,0.373789921,0.586190516,0.923327384,0.696134627,0.689747479,0.701840914,0.583710183,0.137032522,0.233555912,0.258543177,0.272086667,0.369558707,0.480067716,0.410424158,0.408195596,0.412401011,0.368571339,2.066953095,1.739232089,2.029556987,1.970894932,2.358764786,2.15983243,1.794769488,1.786598941,1.405078862,1.331067559,1.457233349,1.380107124,1.326052807,1.679378797,1.511174263,1.597347047,1.318783537,1.273169668,1.308851853,1.399202338
Wipro,6,0.25385775,0.23535376,0.207441158,0.231514873,0.247352056,0.233497789,0.193042336,0.16437134,0.166981386,0.159576127,0.245996529,0.241439547,0.24774746,0.29893584,0.281362471,0.232549703,0.186766074,0.169489482,0.191575765,0.170176644,0.170510817,0.150708028,0.164309378,0.183012542,0.184466785,0.173833034,0.153171237,0.146875132,0.152556215,45.71996753,33.27122153,21.3006688,28.19004838,27.38054251,33.07802229,21.59064851,19.57842477,18.56809605,16.65044068,1.605750132,1.493441984,1.623779672,1.488207342,1.435645696,1.426455606,1.528728723,1.645622085,1.493936208,0.792555845,0.643878685,0.610175702,0.644063905,0.546536274,0.600528416,0.62025407,0.586003151,0.626357553,0.505244352,0.442137324,0.391682605,0.378949764,0.391751137,0.353393764,0.375206344,0.382812845,0.369484229,0.385129058,0.335656036,2.797234928,2.95931696,2.990454746,3.744385423,4.077696707,4.332432108,2.965663721,2.788243281,3.005902895,3.379325153,2.688012406,2.69088056,2.374775695,2.372230391,2.157886629,1.663813969,2.550455154,3.606658037,3.296993277,2.471881924
