Open,High,Low,Close,Volume
1644.150024,1682,1644.150024,1669.050049,39278
1625,1670,1621.199951,1645.349976,23165
1650,1650,1609.099976,1630.550049,66188
1629,1660.25,1629,1644.949951,96827
1655,1665,1634,1651.449951,26750
1665,1667,1635.050049,1643.900024,27324
1656,1685,1644.5,1661.050049,47689
1664.699951,1680,1605.25,1612.900024,70175
1612.849976,1650,1595,1605.650024,102814
1615,1618.849976,1579,1586.400024,36350
1605,1614,1545.199951,1594.099976,52802
1600,1614.900024,1580,1591.050049,66816
1550,1587.949951,1550,1572.75,28251
1555,1575,1534,1544.349976,23298
1575,1581.900024,1551.199951,1565.800049,26149
1550,1575,1480,1510.949951,61069
1525,1535,1452,1525.550049,41771
1527.949951,1565.050049,1492,1560.849976,23815
1575,1583,1522,1529.900024,26898
1543,1564.949951,1532.050049,1551.150024,25855
1556,1556,1489,1500.400024,104771
1509.900024,1519,1477,1514.550049,36728
1515,1534.800049,1504,1518.650024,26867
1521.099976,1592,1511.300049,1579.199951,66145
1593,1647,1593,1639.5,77636
1646.900024,1700,1637.099976,1679.050049,114660
1675,1689.800049,1655.5,1666.449951,29346
1699,1699,1631,1641,53179
1620,1676.400024,1620,1651.550049,49229
1660,1696,1645,1652.550049,49764
1659,1695,1655,1688.099976,77261
1695,1734,1689,1725.949951,77231
1727,1797.800049,1719.900024,1736.5,141184
1677,1764,1677,1745.699951,55219
1769,1775,1708,1720.900024,62540
1740,1752,1682.099976,1725.900024,50799
1765.349976,1765.349976,1703.099976,1710.150024,47132
1705,1720,1681.050049,1693.849976,41180
1690,1697,1651.25,1666.5,139226
1663.900024,1684,1655,1674.099976,36376
1674.099976,1684,1652,1671.800049,22240
1660,1712,1660,1700.949951,41942
1695,1700,1669,1674.75,53742
1695,1704,1661,1670.800049,32712
1650,1695.699951,1650,1685.449951,34068
1687.449951,1695,1658,1666.199951,37323
1656.25,1685,1644,1658.650024,18522
1663,1683,1645.199951,1665.050049,316806
1669,1695,1666.150024,1675.400024,497729
1674,1685,1655,1670.099976,55754
1698.699951,1701,1672.5,1690.099976,220567
1704,1719.800049,1692,1703.449951,28828
1709,1715,1707,1710.050049,790
1735,1776,1733,1743.599976,52620
1740,1750,1704,1707.25,45391
1716,1727.900024,1707.400024,1716.449951,27842
1739,1739,1705,1713.300049,64897
1730,1730,1710,1715.599976,180624
1720.050049,1729,1685,1695.849976,323502
1708.800049,1708.800049,1633.300049,1653.349976,605949
1655,1667.300049,1616,1646.949951,70469
1653,1688,1653,1674.75,58770
1690,1690,1640,1654.599976,66462
1654.599976,1663.800049,1616,1637.150024,94719
1630,1647,1617,1628.300049,218669
1627.800049,1645,1617,1623.150024,33807
1624,1698.5,1601,1694.699951,64287
1690.400024,1700,1658.099976,1671.449951,32986
1667,1688.099976,1650.050049,1678.550049,29396
1675,1692.800049,1641.300049,1646.800049,16046
1640,1665,1598.199951,1642.25,54362
1642,1652,1611.050049,1618,62941
1625,1640.550049,1542.199951,1549.349976,112307
1570,1570,1527,1537.5,165379
1525,1574,1497,1558.699951,33846
1560,1583.949951,1535,1579.949951,38189
1595,1605,1550,1568.449951,44511
1580,1631.900024,1575.050049,1600.550049,80257
1596,1610,1587.300049,1601.099976,72769
1541.199951,1595,1541.199951,1586.150024,98390
1588,1617.949951,1570,1583.650024,19902
1565,1621,1564,1609.949951,34535
1619,1628,1592.199951,1623.099976,31521
1632,1700,1620.199951,1690.199951,56413
1695,1715,1685.599976,1700.349976,35994
1709.699951,1710,1678,1696.650024,21883
1709,1710.300049,1681.550049,1695.050049,46780
1699,1716.400024,1685.150024,1701.449951,32320
1676,1696,1659,1679.75,23176
1699.099976,1716.900024,1690.300049,1706.449951,24293
1695,1714.5,1679,1691.550049,30871
1675,1684.800049,1654.050049,1672.349976,17450
1699,1703,1641.099976,1687.949951,33579
1687,1782,1687,1772.150024,79935
1780,1807.849976,1780,1797.25,47450
1812.199951,1818.800049,1790,1801.800049,30282
1817,1817,1779.199951,1794.900024,23444
1794,1869,1794,1856.150024,69693
1865,1921,1865,1913.449951,90360
1913,1919.800049,1872,1874.699951,60083
1898,1940,1882.300049,1929.900024,100932
1929.900024,1931,1902.099976,1911.050049,62084
1915,1931.199951,1902,1918.449951,63945
1918,1930,1907.199951,1911.550049,29978
1913.900024,1936,1906.050049,1910.400024,77079
1915,1943.949951,1915,1932.75,39358
1935,1948.699951,1919,1934.300049,24773
1934,1977,1930,1968.400024,58956
1959.5,1970,1932.099976,1946.25,38084
1960,1975,1927.25,1937.449951,27466
1931,2050,1931,2022.550049,123863
2029,2077.699951,1992.400024,2006.25,205510
2021,2032.599976,2001.099976,2005.449951,41962
2021,2063.949951,1960,1966.699951,124544
1971.099976,2019,1934.050049,1942.550049,118522
1965,1979.900024,1941.099976,1947.800049,76603
1960,2048,1950,2033.449951,106414
2045,2063,2026.150024,2040.099976,102752
2040,2074.050049,2033,2047.699951,69908
2042,2060,2005,2016.150024,81812
2029,2072.800049,2029,2056.800049,65214
2065,2094,2060,2086.949951,70546
2044,2044,1970,1976.449951,110216
1985,2019.550049,1947.050049,1951.199951,101181
1948,1973.349976,1912,1919.5,82350
1900,1918.900024,1875.099976,1896.900024,95274
1890.099976,1940,1843,1851.650024,196469
1895,1896,1852.099976,1887.550049,118616
1889.900024,1926,1873,1910.099976,239665
1918,1921,1878.550049,1883.650024,56906
1941,1941,1864.5,1870.300049,287917
1878.550049,1890.949951,1856.550049,1861.25,40017
1850,1866,1841.900024,1849,630617
1855,1867.050049,1816.900024,1836.599976,122065
1844.5,1928,1811.449951,1904.949951,83780
1900,1943,1884,1921.25,163946
1929,1939,1912,1921.5,109706
1892.949951,1897,1865.199951,1888.900024,79265
1885,1903.5,1865,1894.400024,49815
1856.25,1905,1856.25,1889.900024,39955
1913,1919.099976,1877.849976,1885.949951,31963
1895,1919,1885.099976,1891.650024,59580
1885,1936,1885,1901.75,65369
1919,1927.900024,1897.25,1902.150024,134778
1898,1915,1868,1876.199951,114794
1872.900024,1872.900024,1834,1854.849976,26159
1853.050049,1860,1825,1839.150024,38212
1830,1864.900024,1804,1850,61617
1850,1881.25,1847,1859.099976,31518
1827,1862.900024,1827,1858.199951,29771
1870.050049,1897.300049,1860,1882.5,52533
1895,1898,1848,1869.400024,59675
1885,1910,1870.099976,1899.150024,26577
1894.400024,1917.599976,1879,1895.150024,46057
1911,1924.800049,1892.949951,1912.150024,40650
1925,1948.5,1915,1937.800049,31119
1946,1951.900024,1901.400024,1917.900024,60484
1925,1999,1922.099976,1980.849976,68541
1991.099976,2049.800049,1981.5,1987.25,119052
1990,2010,1980,1989.650024,36508
1970,1996,1956.25,1977.5,20891
1989,2005,1925,1933.5,55912
1945.5,1948,1912.099976,1926.599976,70363
1938,2014.900024,1923.550049,2006.449951,95460
2007,2024.199951,2000,2012.400024,60495
2012.400024,2027,1995.050049,2009.199951,35140
2000.050049,2030.699951,1992,2025.75,52998
2037,2037,2000,2009.699951,32937
2008,2008,1973.099976,1984.349976,45111
1984,2028.050049,1983.5,2020.349976,55875
2035,2043.900024,2020,2023.699951,26889
2015,2031.900024,2015,2019.800049,42916
2009,2046.699951,2009,2037.949951,41278
2041,2060,2034,2055.25,45988
2060,2062.850098,2038,2049.949951,26662
2045,2055,2028,2046.349976,14920
2044.949951,2050.949951,2026,2046.300049,13938
2039,2069.850098,2022.25,2046.900024,29327
2049,2050,2016.25,2022.800049,36383
2074.600098,2074.600098,2015,2020.550049,21306
2022,2028.800049,1997.5,2021.650024,21680
2025,2029.800049,2002.25,2012.050049,16079
2015,2023,1995.099976,2001.199951,43799
2035,2040,1995,1999.849976,21181
2002.800049,2020,2000,2010,16980
2019,2021.800049,1975,1978.800049,25959
1980,1995.5,1966,1978.800049,31887
1994.099976,2012,1976,1993.949951,33524
1995,1996.75,1969,1977.25,17302
1981.900024,1991.900024,1971,1978.650024,9195
1974,1975,1955.650024,1957.800049,33714
1965,1974.949951,1940,1953.599976,34298
1958,1959.949951,1935.199951,1943.849976,32562
1943,1953,1920,1948.5,27146
1960,1977.449951,1940.099976,1957.900024,54549
1960,1960,1805.099976,1811.849976,185265
1815,1901.699951,1815,1865.699951,231009
1873.449951,1882.75,1830.050049,1854.699951,209970
1846,1896.449951,1836,1870.5,206330
1862,1862,1790.650024,1815.400024,174913
1828,1842,1821.400024,1825.400024,106852
1834,1867.5,1828.5,1860.099976,303919
1861,1890,1849.599976,1889.699951,150320
1885,1885,1860,1866.900024,17634
1864.699951,1872.800049,1835,1840.650024,19726
1857.800049,1874.5,1840,1865.550049,29680
1865,1882.949951,1853.099976,1867.650024,39423
1865,1879.650024,1855,1865.550049,27843
1854.800049,1875.5,1852,1867.300049,21105
1879,1898.900024,1869,1884.300049,55929
1891,1912,1873.050049,1891.75,58751
1905,1915,1898,1905.050049,146244
1895.199951,1914,1888,1907.949951,27437
1910,1914.900024,1900,1904.199951,38429
1902.550049,1925,1890,1916.400024,26407
1912,1929.949951,1912,1921.800049,17151
1932,1932.900024,1885,1889,16858
1880,1889.900024,1840,1845.099976,51615
1847,1856.5,1829,1843.599976,27162
1848,1866,1772,1785,59869
1752.599976,1805,1752.599976,1792.050049,66016
1775.099976,1805,1670,1791.800049,207204
1807.800049,1809,1740.199951,1758.650024,88586
1770,1777.75,1693.099976,1699.75,145305
1710,1747.25,1690,1736.150024,122819
1727,1746.949951,1695,1702.900024,88304
1705,1728,1705,1707.900024,93317
1703.550049,1724.949951,1699,1706.25,37077
1718.949951,1735,1710,1732.550049,97348
1744.900024,1748.300049,1725,1727.650024,26293
1730,1742,1717.050049,1721.75,30581
1722,1740,1722,1738.5,23824
1741.949951,1769.199951,1730,1736.300049,48717
1701.599976,1765,1701.599976,1750.449951,35987
1750,1832.400024,1750,1819.800049,103606
1838,1867.75,1784.949951,1807.300049,84482
1804.900024,1817.699951,1765,1809.199951,85581
1815,1815.050049,1781,1795.949951,35803
1792,1880,1788,1865.150024,88391
1870,1890,1852,1857.650024,54446
1872,1876,1848.199951,1855.349976,24227
1874,1875,1853,1861.75,31339
1861.300049,1874,1836.599976,1851.900024,32589
1862,1866.949951,1828.300049,1843.849976,56793
1843,1867.150024,1800,1809.75,59893
1808,1819.900024,1791,1799.550049,50026
1818.400024,1834,1810,1819.949951,20402
1829.949951,1849.900024,1819,1841.449951,46267
1859,1859,1821.5,1833.75,19885
1840,1873.5,1840,1870.800049,35537
1875,1888,1850,1873.949951,147125
1885,1887.849976,1863.099976,1878.150024,19986
1886.300049,1893.900024,1846,1861.699951,61560
1850,1872.900024,1740,1802.400024,20008
1804,1814.5,1790,1808.349976,16474
1815,1848.150024,1801.150024,1836,34158
1842,1854.900024,1827,1836.699951,18373
1849,1862,1841,1851.699951,24253
1858.5,1871,1848.349976,1855.099976,25216
1860,1884.900024,1841.150024,1863,45785
1860,1879,1859.349976,1863.5,21215
1865,1873,1850,1860.300049,14352
1870,1924,1863.25,1901.25,82736
1908,1920,1854,1865.800049,46783
1850,1850,1815,1840.199951,13637
1845,1873.800049,1845,1852.25,178525
1862,1877,1859,1865.150024,7218
1874.949951,1878,1833,1840.449951,36644
1865,1865,1818,1829.849976,16710
1839.949951,1840.949951,1815,1826.300049,8964
1835.900024,1835.900024,1801,1810.900024,25746
1818,1830,1802,1811.25,15498
1800.900024,1834,1800.449951,1816.550049,13365
1817.5,1848,1812,1835.949951,48048
1844.949951,1844.949951,1802,1813.75,11015
1828,1954.599976,1822,1912.849976,180218
1910,1961,1899.25,1945.699951,121016
1949,1965.900024,1912,1953.849976,42308
1950,1962.900024,1918,1953.050049,28799
1957.599976,1970,1921,1933.199951,23822
1920,1960,1904,1948.800049,28007
1948.5,1967,1930,1936.400024,25848
1940,1954,1928.550049,1947.400024,12332
1920,2060,1920,1973.400024,65036
1970,2005,1920.050049,1928.400024,159140
1927,1940,1777.349976,1928.400024,257933
1762,1876,1762,1832.449951,231877
1802,1810,1745,1773.849976,112287
1770,1800,1770,1787.400024,52068
1781.849976,1799,1751,1758.400024,35924
1760.400024,1777.5,1711.050049,1751.349976,55623
1751,1794.699951,1730.099976,1783.949951,37560
1785,1800,1750,1772.25,25595
1760,1760,1705,1713.849976,103891
1705,1739.900024,1559,1621.300049,653114
1615,1702.699951,1587,1679.099976,787089
1766,1997.900024,1766,1981.199951,1508491
1980,1990.5,1908,1966,740987
1960.349976,1964.949951,1914.949951,1941.199951,220312
1926,1938,1915.300049,1921.400024,93940
1900,1951.699951,1890.5,1929.449951,179878
1915.099976,1952,1915.099976,1929.449951,42490
1925.150024,1952.800049,1921.349976,1934.849976,53566
1943,1961,1935.099976,1955.150024,47193
1950.099976,2009,1941.5,1955.150024,172127
1980,2013,1968.099976,1986.099976,94775
2002,2020,1958,1985.25,135375
1985.25,1988,1958.5,1975.199951,53681
1975.099976,1978.800049,1895.300049,1975.199951,63280
1911,1920,1855,1886.300049,70733
1858.550049,1904,1843,1873.550049,80396
1870,1875,1782.599976,1804.599976,64412
1810,1864.949951,1806,1837.349976,62285
1838.5,1883,1812,1872.699951,66991
1836.599976,1870,1820,1830.5,59014
1816,1848,1806,1818.900024,37313
1816,1824.900024,1766,1791.849976,114135
1792,1794,1757.900024,1788.75,23396
1788,1808.199951,1750,1762.650024,31856
1775,1803,1755.150024,1772.199951,25532
1785,1785,1746.199951,1756,19992
1760,1767.949951,1742,1750.150024,25472
1750,1789.900024,1750,1778.5,24899
1784,1785,1682.300049,1724.050049,19761
1728.650024,1728.650024,1642,1657.449951,37004
1652,1652,1593.099976,1630.5,28073
1656,1656,1592.199951,1607.75,28009
1609.949951,1633,1500.099976,1523.050049,378709
1517,1577.800049,1506.550049,1565.5,192215
1560,1583,1521,1534.900024,287617
1545,1592,1543.449951,1577.150024,120911
1580,1585.5,1503.400024,1513.150024,47027
1525,1525,1412.199951,1439.650024,113423
1440.199951,1484,1435.5,1452.150024,32118
1450,1494,1440,1472.400024,34099
1498,1540,1488.849976,1528.25,63159
1540,1545,1501,1515.849976,45853
1516,1532,1486.099976,1494.449951,33355
1494,1511,1484,1498.449951,34082
1510,1525,1455.5,1463.650024,42850
1480,1480,1420,1439.349976,43184
1434,1434,1380.050049,1391.050049,97217
1379,1499,1377.949951,1466.849976,158180
1491,1521.599976,1466,1490.449951,175480
1507,1510,1452,1500.349976,153185
1499,1530.75,1444.199951,1464.949951,129534
1480,1509,1475.099976,1492.599976,54754
1499.75,1515,1482.150024,1502.150024,67865
1518.449951,1555,1510,1534.449951,308236
1515.050049,1547,1515,1529.900024,71617
1539,1545,1472,1518.150024,232219
1511,1543.900024,1490.599976,1533.449951,120529
1531.400024,1576.199951,1521.199951,1537.75,153186
1537,1555.199951,1525.050049,1532.050049,68887
1525,1542.099976,1507.050049,1531.150024,40448
1500,1538.050049,1490,1520.75,38830
1530,1530,1509,1517.449951,36994
1519.75,1529.699951,1501.599976,1509.699951,21957
1516.099976,1528.900024,1461.5,1474.150024,39468
1483.050049,1492.949951,1423.300049,1433.75,42034
1451.800049,1453.75,1416,1441.5,48316
1454.900024,1465,1446,1451.5,34703
1455,1483,1455,1475.699951,35522
1483,1496,1473.099976,1490.5,176949
1477,1509.699951,1477,1500.949951,35883
1511,1581.699951,1511,1546.349976,149669
1552,1573.550049,1546.5,1551.949951,34253
1557,1615,1557,1586.550049,96417
1600,1633,1594,1602.650024,42855
1629.75,1638.099976,1605.25,1618.300049,50357
1628.800049,1654.800049,1618.650024,1645.150024,47475
1648,1693.800049,1648,1681.75,51618
1681.900024,1707,1677.449951,1694.650024,38427
1686.099976,1691,1657,1663.5,41052
1660,1660,1628.300049,1639.099976,41549
1647,1770,1628,1735.099976,169029
1750,1848,1744.699951,1830.849976,150009
1835,1945.25,1815.25,1863.75,360130
1863.75,1883.150024,1770,1777.199951,252251
1722,1770,1703,1743.949951,116107
1750,1799.199951,1750,1786.050049,91389
1790,1799.949951,1767,1775,38375
1772,1792.900024,1755,1771.300049,42115
1779,1796.150024,1735,1741.650024,45047
1760,1760,1685,1696.099976,40424
1680,1727,1649.949951,1709.650024,108802
1715,1720,1685.400024,1692,50019
1694,1707,1652,1660.449951,41425
1649,1649,1577,1600.099976,165567
1598,1712,1590,1697.900024,255303
1696,1780,1670,1764.650024,160234
1756.900024,1763.900024,1727.099976,1741.800049,48745
1722,1758.400024,1712.050049,1719.849976,65340
1721,1797.900024,1721,1776.849976,135451
1766,1789,1744.900024,1752.099976,62794
1753,1808,1753,1795.5,71798
1770,1885,1762,1864.949951,159428
1860,1862,1792.199951,1801.75,95956
1800.199951,1852.349976,1800.199951,1836.550049,92162
1826,1840.400024,1790.5,1794.199951,50914
1795,1835,1775.300049,1808.150024,58542
1791,1804.699951,1761,1788.199951,41613
1796,1826,1776,1812.050049,59010
1800,1823.449951,1780,1801.5,50785
1816,1932,1801,1873,107091
1870,1892.099976,1836.449951,1857.5,63482
1850.150024,1870,1832.800049,1842.550049,33089
1848.800049,1867,1840,1853.150024,26861
1859,1874.800049,1848.050049,1861.25,29025
1826,1888,1826,1871.150024,69097
1854,1880,1850.050049,1858.800049,24827
1850,1865,1837,1857.949951,18747
1842.5,1856.75,1830,1834.25,43099
1825.900024,1829,1759.949951,1768.25,74677
1762.5,1785.949951,1740,1745.400024,80185
1753.900024,1755.300049,1717.099976,1723.949951,257563
1717,1748,1708.5,1735.849976,51732
1736,1755.5,1732.5,1736.599976,22717
1730,1754,1727.5,1745.849976,19063
1726,1753.050049,1726,1737,18110
1735,1744,1725.150024,1730.300049,13684
1735,1752,1732,1735.599976,24108
1750,1777.099976,1740,1759.800049,31707
1770,1776.400024,1725,1744.650024,27802
1733.099976,1765,1719,1759.349976,52371
1760,1870,1760,1866.150024,128412
1820,1865,1820,1852.050049,43968
1856,1864.949951,1836.099976,1846.400024,36482
1850,1878.900024,1842,1847.550049,46028
1855,1886,1845,1877.75,58142
1880,1903,1880,1897.449951,46132
1910,1919.949951,1881,1890.650024,33607
1890,1904.349976,1875.199951,1897.5,25829
1883,1894,1858.599976,1866.599976,188339
1873,1885,1870,1881.550049,29496
1889,1919,1886,1900.550049,56917
1900,1924,1880,1891.400024,35242
1881.900024,1892,1848,1862.099976,25585
1869,1885,1867.099976,1877.5,13996
1874.900024,1874.900024,1848,1852.800049,25004
1782.25,1862.949951,1782.25,1829,30930
1839,1839,1811,1817.550049,60695
1820,1823,1792,1795.349976,25804
1808,1808,1753,1761.150024,45785
1754,1800.650024,1732,1788.849976,222880
1795,1823.5,1789,1817.25,61711
1824.5,1829,1807,1824.25,22174
1825,1847.699951,1806.599976,1818.25,33552
1825,1827,1780.099976,1802.150024,30905
1782,1839,1780,1822.050049,43816
1813,1815.5,1775,1787.199951,29276
1790,1809,1761,1798,14357
1797,1818,1775,1805.5,13703
1794.900024,1822,1772,1804.449951,23991
1795,1830,1787.900024,1797,11422
1770,1800,1759,1784,39203
1774,1864,1705.199951,1855.949951,37481
1800,1877.349976,1798.75,1855.5,42061
1870,1885,1846.150024,1876.599976,57020
1860.150024,1882.699951,1852,1857.599976,28011
1855,1914.849976,1855,1890.800049,47503
1890,1919,1878.849976,1885.150024,17076
1900,1952,1900,1937.849976,95964
1937.849976,1960,1937.849976,1950.900024,40456
1930,2003.900024,1924.550049,1993.650024,74428
1993.699951,2022.849976,1988,2005.949951,56929
2010,2013.400024,1975.25,1994,31192
1984,1990.599976,1953,1961.849976,35424
1949,1974,1866,1901.050049,47248
1913.5,1970,1878,1952.449951,68124
1962,1998.599976,1937,1977.199951,57469
1985,2064.699951,1984.800049,2047.849976,91323
2080,2120.800049,2051.649902,2067.649902,52657
2050,2183.399902,2050,2174.350098,157571
2184,2206,2153,2167.5,87939
2175,2187.899902,2133,2167.600098,66118
2175,2184.899902,2146,2170.600098,34237
2168,2231.699951,2156.199951,2215.100098,103772
2213,2231,2185,2209.25,49257
2210,2230,2190.149902,2205.600098,66817
2200,2212,2169.300049,2201.600098,63273
2200,2214,2185,2202.75,47002
2202,2220,2192,2201.5,29717
2203,2215,2186,2200.899902,41970
2196,2217,2195,2205.800049,54908
2205.100098,2207,2124.100098,2138.25,204865
2105,2119,2079.899902,2088.75,43406
2075,2088.350098,2023,2037.650024,50085
2045,2045,1956.199951,1975.900024,31038
1992,2018,1984,1992.650024,26729
2015,2017.900024,1950.150024,1958.349976,33596
1957.800049,2020,1915.949951,2002.199951,75796
1986,1986,1917.150024,1941.849976,51566
1935,1966.400024,1906.449951,1958.699951,87639
1944,1992.5,1929.900024,1956.400024,75281
1955.699951,1970,1937.25,1946.150024,30869
1972,1999.900024,1915,1941.050049,43402
1939,1975,1920.050049,1960.550049,59547
1960,1995.800049,1960,1970.400024,30126
1985.900024,2030.150024,1965.449951,2001.300049,77335
2010,2022.400024,1976,1980.75,21533
1970.050049,2007,1970.050049,1992.650024,27299
1980,2025,1965,1993,55555
1989,2014.900024,1963,1984.849976,83165
2053,2092.300049,2040.550049,2066.899902,145980
2052.899902,2056.300049,1999,2028.849976,56539
2028,2064.800049,2006.900024,2052.100098,50862
2064.800049,2090.399902,2064.800049,2071,30422
2075,2106.350098,2040.650024,2092.850098,82562
2149.899902,2229.550049,2140,2157.5,53036
2155,2192.899902,2155,2175.699951,102111
2164,2174.649902,2127.050049,2141.850098,26812
2131,2131,2071.050049,2089.300049,46631
2084,2084.850098,2035.400024,2070.850098,83251
2082.550049,2131.75,2082.550049,2116.199951,27293
2125,2149.899902,2110,2114.899902,15575
2127,2162.600098,2122.050049,2134.100098,35252
2129.899902,2189.899902,2118.350098,2173.550049,53204
2167,2248,2167,2209.899902,94955
2209.899902,2229,2144.149902,2163.649902,51630
2160,2160,2089.550049,2104.600098,38956
2099.899902,2152,2076,2119.5,44373
2117.949951,2194,2106.149902,2184.149902,68045
2190,2197.850098,2156.800049,2170.5,38811
2170.5,2193.75,2132.050049,2168.649902,65948
2145,2165.050049,2104,2126.25,65342
2125,2153.350098,2078,2106,42603
2095,2095,2031.400024,2049.100098,49345
2061.600098,2083.949951,2027,2034.900024,32371
2040.099976,2075,1990.050049,2060.149902,60010
2060,2086.800049,1978,2003.25,61893
2050,2100,2035,2089.899902,55674
2100,2113.949951,2057,2083.550049,66919
2081,2081,2053.100098,2065.050049,21592
2062.100098,2085,2050,2059.25,21318
2059,2091,2041.25,2054.149902,43548
2040,2059.899902,2011.550049,2033.099976,28972
2035.599976,2050.899902,1965.150024,1974.650024,28395
1970,2013,1941.050049,2003.449951,46139
2013,2013,1966,1974.449951,28969
1960,1966.150024,1911,1956.400024,40403
1970,2004.949951,1901.5,1922.050049,49328
1935.900024,1941.900024,1878,1909.550049,42200
1909,1925,1791,1811.099976,75782
1840,1868.75,1765.349976,1848.800049,84232
1814.900024,1872,1814.900024,1853.050049,53896
1856,1868,1813,1850.650024,27004
1856,1941,1845,1918.75,52757
1925,1934,1895,1900.949951,33986
1907,1918,1892.599976,1904.550049,37601
1899,1919.199951,1890,1904.050049,19045
1900,1934,1900,1905.25,31670
1910,1914,1799,1838.550049,131886
1859,1884.849976,1806.099976,1837.5,110679
1829.900024,1830,1767.699951,1787,105987
1790,1844.099976,1785,1828.550049,75680
1823,1823,1717,1735,150165
1734.900024,1737,1702.650024,1727.550049,101107
1734.900024,1778.449951,1734.900024,1774.25,65266
1779,1824.849976,1779,1809.199951,63711
1810,1823.900024,1744,1812.849976,38680
1801.650024,1818.400024,1779,1790.25,36636
1790,1805,1771.050049,1794.800049,37629
1803.300049,1838,1800,1826.699951,23471
1828.150024,1871.849976,1828.150024,1857.150024,29218
1875,1918,1857.150024,1857.150024,167333
1904,1993.5,1872.300049,1950.699951,169855
1921,1958.150024,1860,1870.449951,77737
1870,1912.949951,1832,1890,89474
1890,1894.150024,1846,1863,54946
1855,1870,1800.199951,1821.849976,75650
1830,1842,1807.150024,1824.199951,38838
1835.25,1870,1811.800049,1863.900024,53650
1860,1942.400024,1850,1928.25,73505
1962,2002.900024,1943,1969.400024,75070
1973,1988,1943.050049,1955.900024,30157
1961,1993.050049,1952,1960.650024,45449
1969.699951,2009.5,1941,1949.699951,45404
1969,2002,1950,1992.900024,39626
1995,2034.800049,1971,1993.150024,95185
2000,2024,1957,1969.699951,43348
1974,2024.400024,1961.25,2017.199951,40618
2015,2080.75,2010.300049,2075.449951,73514
2085,2100.399902,2071.25,2093.050049,41639
2089.949951,2200,2076,2188.649902,50211
2201,2210,2092.600098,2109.699951,56339
2125,2156,2120,2146.149902,42753
2164.5,2195,2125.5,2143.199951,48575
2164,2168.600098,2066.350098,2085.850098,56741
2099.449951,2109,2057,2072.300049,39055
2097,2097,1918.099976,1935.150024,53140
1951,1988.699951,1945,1971.550049,55919
1987.099976,2015,1934.449951,1950.449951,45320
1977,1980,1924,1940.800049,52677
1982.699951,1982.699951,1927.599976,1938.949951,52650
1951,1951,1880,1887.199951,47504
1917.5,1923,1813.050049,1867.099976,60129
1911.099976,1934,1890.949951,1909.650024,32088
1939.900024,1942.900024,1905,1927.900024,22577
1949,1973,1938.900024,1962.75,25794
1982,1994.050049,1950.650024,1970.949951,28993
1955,1974.949951,1921.650024,1960.300049,25638
1960,1974.900024,1926,1955.050049,123062
1962,1962,1921,1940.349976,13743
1949,1957.449951,1890,1930.699951,26665
1948,1948,1911,1929.300049,15966
1935.050049,1958.5,1918,1938.650024,20669
1935,2064.899902,1922.550049,2017.800049,91471
2020,2021,1958.949951,1995.650024,58168
2000,2039.949951,1990,2009.75,56952
1990,2009.949951,1974.25,1993.050049,21884
2015,2038.900024,1975.300049,2030.800049,126468
2040,2066.850098,2033.400024,2054.850098,49982
2074,2074,2035,2056.100098,17803
2054,2063.199951,2003.5,2009.900024,36958
2009,2040.949951,1990.599976,2010.599976,40763
1982,2020,1961,1985.300049,25338
2004,2004,1947,1977.300049,20571
1962.050049,1983.650024,1955.150024,1972.349976,15460
1991,2032,1983.550049,2027.349976,35484
2040,2095,2039,2058.100098,40242
2035,2080,2035,2066.300049,18991
2079,2134,2062,2122.399902,26810
2130,2161.949951,2126.600098,2140.949951,21487
2132,2220,2125.649902,2192.75,40022
2181.050049,2215.5,2174,2187.899902,23692
2180,2208,2139,2145.850098,18425
2148,2210,2127.350098,2195.25,124053
2195,2253,2177.550049,2237.5,61744
2237.25,2253.699951,2150.100098,2166.899902,56202
2174.399902,2205,2155,2174.449951,26732
2254.899902,2278.5,2201,2245,75721
2175,2175,2052.199951,2072.350098,255700
2058,2058,1970.050049,1980.849976,169469
1946,1980,1900,1956.949951,111528
1966,1992.25,1880.050049,1897.400024,104053
1865,1922,1861,1871.400024,103505
1890,1922.5,1823.400024,1842.849976,106951
1868,1879,1835.449951,1843.300049,66031
1835,1867.800049,1825,1843.949951,49822
1826,1905.150024,1826,1892.75,93604
1860,1905,1852.5,1881.650024,49021
1885,1923,1882.099976,1890,34494
1870,1880,1837.400024,1870.599976,45541
1870,1882.449951,1855,1869.849976,36380
1885,1895,1846.199951,1860.75,70224
1855,1855,1808.349976,1826.199951,49303
1823,1836.199951,1797,1822.75,41916
1824,1847,1821,1842,37689
1850,1863,1833,1849.349976,26270
1860,1869.150024,1851.449951,1861.550049,33238
1871.900024,1871.900024,1842,1854.599976,19704
1840,1853,1825.949951,1837,21344
1828,1833.900024,1810.349976,1821.900024,45123
1818,1852,1807.650024,1843,44944
1859,1874.050049,1850,1865.699951,37773
1882,1968.650024,1875.050049,1945.75,72927
1965,2003,1965,1992.099976,56106
1985,2014.900024,1967.099976,2005.300049,43062
2010,2025,1975,1978,28624
1970,2012.949951,1960,1992.650024,39650
1995,2013,1950,1958.349976,34535
1958,1981,1937.949951,1953.699951,28459
1959.900024,2018,1959.900024,2000.050049,57044
2000.099976,2042.050049,1975.5,1991.900024,40604
1994,2017.900024,1989,2007.199951,39635
2005,2050,2002.050049,2032.650024,51071
2005.050049,2085,2005.050049,2073.550049,52052
2032,2109,2032,2084.5,56657
2062,2107,2020.099976,2027.75,43188
2029,2061.300049,2011,2050.550049,45960
2060,2070,2043.050049,2055.300049,23929
2064,2099,2040,2087.800049,29056
2090,2149.949951,2090,2142.100098,54044
2138,2143.949951,2106.25,2114.25,34086
2120,2139.449951,2085.050049,2097.699951,37940
2108.800049,2119.949951,2105.300049,2112.449951,29893
2110,2130,2108.149902,2121.600098,24261
2119.600098,2132,2075.300049,2084.649902,30557
2099.899902,2099.899902,2025.5,2030,41537
2035,2068,2030.800049,2064.850098,30135
2060,2075.5,2035,2040.5,21148
2030,2070,2025,2058.550049,19766
2068.5,2090.800049,2065.100098,2086.899902,32671
2085,2113,2082.649902,2095.550049,24397
2100.25,2121,2095.050049,2098.850098,18843
2090.050049,2127.800049,2060.050049,2116.550049,24477
2125.199951,2134.949951,2068.050049,2087.5,216443
2070.199951,2097,2041.199951,2084.350098,57165
2080,2083,2043,2053.25,25148
2055,2065.199951,2027,2037.300049,34095
2040.5,2043.25,2016.349976,2031.650024,31185
2040,2048.699951,2019,2039.150024,33653
2051,2063,1981,2006.849976,69194
2012.699951,2035,2003.949951,2030.800049,14532
2020.5,2040,1996.150024,2005.699951,31556
2006,2011,1963.050049,1971.5,64809
1947,1982.900024,1931,1967.349976,43637
1960,1974.199951,1950,1958.900024,24165
1975,1989.449951,1964.449951,1979.699951,37325
1950,1956.099976,1943,1952.5,33077
1960,1973.25,1953.550049,1964,38224
1963,1980,1951,1958.650024,27258
1958,1958.400024,1901,1914.199951,65198
1925,1925,1878.25,1888.900024,35113
1898,1898,1871.150024,1879.150024,39274
1889.75,1939,1888.25,1929.699951,42593
1929,1948.699951,1926,1930.150024,22685
1930,1930,1899.050049,1918.800049,28675
1919,1953.900024,1915,1933.699951,23988
1948,1951.199951,1922.099976,1934.050049,42313
1935.050049,1945,1927.949951,1936.849976,13543
1928,1946.699951,1914,1930.199951,17301
1932,1939.400024,1901.150024,1912.75,25099
1915.300049,1917.599976,1841.5,1849.650024,81292
1852.550049,1860,1795,1825.050049,86660
1843,1843,1752.449951,1788.099976,95855
1750,1802,1743.400024,1797.349976,62031
1796,1810,1775,1805.449951,36952
1795,1814.400024,1791,1808.199951,58873
1808.199951,1808.199951,1778.050049,1792.050049,33464
1827,1827,1785.099976,1800.050049,46128
1802.349976,1827.900024,1797,1820.550049,32978
1813.900024,1815,1768.449951,1802.349976,64123
1802.400024,1805.199951,1779,1785.75,34158
1795,1831.949951,1790,1819.099976,45343
1845,1864,1828,1858.650024,33282
1875,1922.25,1860,1915.650024,40393
1915.150024,1942,1897,1924.550049,25163
1908,1918.300049,1875,1894.449951,21688
1900,1932.900024,1900,1921.050049,23695
1922,1949.900024,1906,1913.75,21804
1921,1934.449951,1881.949951,1893.550049,27661
1882.099976,1931.949951,1871,1923.699951,30708
1926,1946.5,1850,1878.150024,47901
1890,1911.800049,1872.650024,1879.300049,31777
1890,1906.099976,1873,1881.199951,27916
1849,1871.300049,1844.150024,1850,41554
1862,1862.599976,1822,1831.099976,45802
1860,1860,1805,1810.75,59752
1815,1819.800049,1781,1787.550049,49026
1795,1815,1780.050049,1804.050049,29727
1806,1830,1788.050049,1809.949951,38073
1810,1827.900024,1795,1808.650024,32380
1825,1825,1775,1779.449951,33136
1779,1783,1761.699951,1770.449951,23472
1770,1810,1760,1800.550049,42768
1808,1811.849976,1782,1805.300049,21604
1820,1847,1805,1839.5,33156
1838.5,1855,1815,1849.400024,32507
1850,1850,1825.199951,1830.699951,15565
1811,1811,1783.099976,1795.949951,50195
1759,1846.699951,1751,1838.25,107444
1870,1918.199951,1869,1905.599976,59263
1917,1917,1830,1871.949951,46135
1865,1894.75,1854.400024,1878.949951,28040
1883,1912.5,1867,1905.25,39104
1919,1950,1918.900024,1945.449951,46215
1947,1963,1935,1949.449951,24561
1945,1953.150024,1917,1935.400024,22960
1930,1962.75,1921,1945.650024,25804
1931,1946,1916,1924.099976,18047
1911,1919.949951,1895,1907.599976,22371
1908,1916,1871,1875.75,16241
1856.550049,1862,1825,1836.349976,32576
1844.099976,1855,1803,1817.550049,37708
1828.849976,1852.75,1815.25,1842.5,19906
1850,1858,1813.199951,1824.550049,27525
1826,1833.949951,1793.099976,1806.300049,22371
1810.050049,1823.949951,1797.25,1802.599976,20494
1813.949951,1831,1803,1824.349976,22439
1825,1841.900024,1823,1829.800049,13335
1836,1850,1828,1841.800049,10695
1848,1868,1801,1822.75,41400
1831,1864,1820.25,1827.900024,28043
1827,1829,1802.599976,1820.699951,31436
1810,1818.949951,1802,1810.550049,26346
1823,1834.900024,1809,1826.25,24757
1836,1841.550049,1805.099976,1823.349976,25916
1827,1834.849976,1816.050049,1826.400024,26731
1825,1846,1825,1841.650024,29717
1850,1861.949951,1838.150024,1849.699951,22149
1859,1888.449951,1859,1885.150024,29252
1891.5,1909.949951,1868.800049,1873.099976,20880
1882,1885,1851.400024,1868.300049,12754
1868,1884.349976,1857,1867.099976,24520
1869.349976,1888.199951,1861,1881.5,12835
1887.900024,1924.449951,1884.5,1918.5,21144
1918,1933,1886.25,1910.849976,27574
1895,1912,1893,1896.699951,19116
1914,1917,1875,1890.849976,8382
1886.400024,1890,1865,1874.800049,16930
1882,1891,1855,1868.75,15400
1870.050049,1903,1870.050049,1894,13280
1899.699951,1912.849976,1881,1898.349976,9279
1910,1912.449951,1886.900024,1898.150024,13573
1925,1935,1900,1904.150024,38857
1914,1922,1880,1887.599976,17035
1890,1894,1870.699951,1884.849976,13940
1889.800049,1909.949951,1885,1898.75,19546
1899,1903.5,1872.5,1879.099976,15417
1891.75,1894,1845.199951,1849.949951,26380
1851,1865.75,1843.25,1849.150024,18049
1862,1870,1825,1835.349976,33328
1830,1855,1820,1846.349976,159807
1830,1895,1810,1844.800049,42123
1832,1852,1828,1835.449951,60250
1838,1844.449951,1802.300049,1818.5,84113
1751,1782,1720,1766.550049,173973
1766.550049,1782,1754.300049,1773.050049,23932
1780,1780,1752,1761.25,53529
1761.25,1789,1750.150024,1779.199951,32812
1779,1790,1755,1771.099976,26853
1771.099976,1780,1752.050049,1764.199951,16388
1778.900024,1809.900024,1764.900024,1796.650024,19917
1800,1823.949951,1791.099976,1810.25,26472
1822.550049,1824.699951,1786,1799.75,10161
1790,1840,1785,1823.400024,37704
1819.900024,1832,1794.5,1813.349976,22671
1818,1830.699951,1807.099976,1818.550049,17068
1790.099976,1816.849976,1782.199951,1792.699951,36949
1801.050049,1801.050049,1775,1781.699951,45269
1770,1770,1748,1758.599976,23363
1761,1765,1712,1724.050049,21044
1729.699951,1729.699951,1689,1709.75,18964
1710,1730,1685.199951,1702.849976,24335
1701,1706.599976,1690.099976,1693.550049,18787
1690,1706.699951,1660.900024,1669.199951,18619
1670,1688,1645,1675.800049,18023
1675,1705.800049,1668.650024,1695.949951,16963
1690,1707.25,1655,1672.650024,29574
1677,1699,1676.650024,1693.800049,14317
1693,1694,1675,1688.300049,9987
1689,1691.949951,1655,1679.449951,17827
1681,1710,1655,1703.349976,26180
1685,1697.900024,1675.199951,1690.199951,25135
1690.949951,1705,1661.199951,1673.099976,14960
1686,1694.099976,1652,1667.800049,16980
1667.449951,1667.449951,1616,1646.050049,32889
1660,1660,1617.050049,1638.550049,20024
1637.900024,1653.199951,1625.5,1645.650024,15229
1659.900024,1659.900024,1632,1646.5,23152
1653,1723,1651.599976,1713.199951,38645
1719.949951,1767,1719.900024,1742.900024,55951
1749,1749,1690,1699.150024,22527
1685,1709,1672.199951,1677.650024,28994
1672.400024,1676,1655,1671.199951,20468
1675,1696,1661,1668.800049,20940
1675,1693,1665.849976,1683.199951,16665
1678.800049,1692.599976,1670.25,1686.199951,14319
1688,1698.099976,1606,1643.900024,35754
1646,1665.599976,1626,1653.050049,13805
1659,1666,1616,1623.199951,17666
1618,1670.900024,1618,1656.199951,19394
1660,1677,1609.099976,1616.050049,26163
1609.5,1619.25,1566.650024,1572.5,24654
1569.699951,1569.699951,1519.150024,1541.900024,46782
1541.900024,1555,1526.099976,1535.650024,16796
1530.25,1538,1517.5,1533.099976,25387
1528,1542,1489.25,1498.849976,35074
1490,1490,1453.400024,1458.849976,29166
1451,1485,1438,1478.5,40937
1483,1498,1468,1478.849976,28353
1486,1505,1463.150024,1465.050049,20979
1477,1478.900024,1444.150024,1459.599976,17805
1460,1469,1442,1451.5,24199
1450,1464.400024,1446,1450.550049,16955
1460,1460,1434.050049,1437.25,15590
1441.25,1499,1435.650024,1488.25,39539
1497.800049,1505.300049,1472,1493.400024,346819
1490,1515.099976,1451.150024,1502.699951,100603
1508,1539.599976,1508,1528.199951,19378
1530.050049,1578,1529,1572.050049,23772
1581,1647.949951,1562.199951,1620,34047
1614,1644.900024,1576.800049,1596.949951,75645
1645,1684,1630.150024,1648.650024,80428
1664.800049,1666.050049,1630.099976,1645.099976,27770
1645,1672.650024,1608.75,1612.849976,53924
1615.900024,1623.900024,1589,1609.900024,27648
1605,1653.849976,1605,1647.25,22628
1650,1715,1650,1707.400024,48621
1700.25,1714.900024,1671,1677,20684
1680,1699,1670.099976,1676.099976,14720
1681.550049,1725,1674.449951,1705.300049,30371
1710,1714,1676,1681.5,12243
1688.5,1689.400024,1655,1672.199951,112564
1684.800049,1714.699951,1684.800049,1703.849976,18759
1704,1715,1681,1695.300049,15361
1694.5,1701.900024,1676,1685.849976,13938
1685.849976,1709,1685.050049,1701.050049,15062
1699.349976,1706,1674.150024,1685.25,10965
1686.199951,1687.400024,1645.800049,1650.849976,14439
1645,1659,1615.699951,1649.150024,15956
1662,1662,1630.050049,1634.699951,11447
1633,1668.150024,1615.099976,1661.150024,10486
1661.150024,1766,1659.949951,1745.75,44867
1755.550049,1793.900024,1743.800049,1787.449951,56399
1787,1788.199951,1741.25,1752.349976,25932
1749,1749,1725,1730.699951,18231
1730,1738.900024,1655,1667.550049,22860
1690,1713.199951,1654,1668.199951,28855
1660,1670,1641,1664,9750
1660,1660,1636,1642.949951,11605
1640,1670,1640,1646.099976,24604
1659,1682.150024,1639,1652.449951,15677
1652,1674.949951,1635.300049,1649.550049,18383
1672,1672,1589.599976,1610.5,29641
1604,1635.900024,1576.300049,1608.849976,19531
1615.5,1625,1593.25,1602.300049,23475
1614.900024,1640,1607,1623.800049,16218
1625,1650,1622,1640.300049,19378
1642.5,1655,1608.050049,1619.599976,15586
1600,1619.599976,1570,1599.949951,23800
1592,1646,1577,1624.900024,41279
1620,1625.900024,1567.099976,1580.800049,13301
1586,1599.800049,1565.949951,1583.449951,18436
1586,1649.900024,1580.949951,1638.150024,25640
1645,1674,1621.199951,1652.650024,37157
1647,1677.949951,1638.099976,1662.25,20686
1663,1705.5,1663,1698.5,13073
1698,1717,1658.099976,1680.25,30315
1680,1690.699951,1650.949951,1659.25,11686
1665,1680,1645.099976,1654.699951,10042
1668.949951,1669.5,1636,1646.900024,10304
1645,1660.199951,1637.150024,1651.849976,12626
1655,1668.800049,1651.300049,1658.449951,13271
1660,1660,1640.25,1651.699951,13188
1657,1714.400024,1656.599976,1699.949951,23185
1699,1715,1650,1708.5,15707
1699,1739,1694,1726.900024,12781
1721,1721,1658.449951,1692.800049,15201
1692,1712.150024,1675.199951,1687.400024,8868
1692,1741.900024,1682,1726.900024,12000
1730,1793.75,1730,1772.150024,40201
1770,1801.849976,1766,1788.400024,12895
1790.25,1808,1773.699951,1784.5,17853
1784,1800,1744,1757.75,52069
1767,1840.449951,1767,1829.099976,163795
1823,1870.199951,1823,1865.099976,63467
1865,1898.699951,1863.349976,1874.25,21180
1873,1879,1830,1847.599976,48500
1847,1847.599976,1807.300049,1819.199951,16893
1823.900024,1835.849976,1798,1810.849976,12056
1825,1846.849976,1777.800049,1796.75,12358
1818,1874.900024,1795,1853.449951,1148130
1852,1894,1833,1848.650024,86565
1835,1866.650024,1818,1829.699951,35906
1830,1855,1815.099976,1850.550049,22584
1850.050049,1910,1850.050049,1905.050049,44633
1921,1950.300049,1919.5,1941.599976,25001
1939,1948,1922.900024,1936.400024,39471
1941,2004.699951,1926.099976,1982.949951,56811
1983,1985,1857,1926.400024,39286
1925,1925,1869.099976,1899.449951,21642
1904,1943.099976,1862.099976,1869.800049,30367
1861,1929,1834.099976,1902.599976,61894
1905.300049,1921,1871,1901.050049,20102
1906,1958.550049,1906,1945.699951,24701
1940,1947.199951,1892.199951,1900.5,23564
1895,1921.849976,1862.099976,1913.199951,19019
1918,2026,1890,1972.800049,49327
1973.099976,2059,1945,2030.099976,51792
2020,2088,2008,2026.800049,59014
1984,1985,1879,1893.449951,29675
1898,1970,1895,1927.150024,31165
1933,1982,1933,1943.800049,14930
1949,1964.900024,1905,1928.949951,14749
1928,2094.649902,1928,2068.300049,60959
2052,2127.699951,2050,2088.5,47274
2075.100098,2099,2003.800049,2010.75,20680
2021,2076,2014.5,2052.350098,34740
2062,2126.100098,2056.800049,2095.300049,41193
2094,2095,2052.800049,2070,53626
2064,2091.600098,2006,2011.25,27000
2021,2084,2021,2039.699951,44826
2039.699951,2045.349976,1954.449951,1982.099976,39104
1981,2020,1976,1999.599976,25332
1995.150024,2014.800049,1966.599976,2004.550049,32841
1985,2044.599976,1985,2035.150024,17343
2030,2045,2000,2015.199951,18972
2004.050049,2074,2004.050049,2048.199951,30017
2042,2042.800049,1971.099976,2008.800049,22144
2020.050049,2032.75,1983.5,1997.699951,33268
2009,2053,2009,2030.300049,20337
2040,2061.800049,2023,2032.849976,27750
2029.800049,2066,2009.599976,2037.199951,36985
2049,2060,2015,2019.800049,17670
2020,2069.899902,2000.5,2060.449951,16074
2070.050049,2091,2030.599976,2046.150024,35616
2051.050049,2085,2050.199951,2078,21663
2069,2110,2063,2100.050049,25182
2100,2115,2021.550049,2048.75,24837
2038,2085.300049,2038,2071.300049,17154
2070,2114,2067,2096.600098,24113
2097,2114,2090,2098.649902,29239
2098,2098,2055.050049,2069.949951,22374
2070.050049,2104.050049,2036.5,2087.699951,61576
2079.699951,2125,2070,2079.350098,48486
2080.050049,2085.800049,2023.699951,2034.900024,25367
2034,2060,1988,1997,18726
2003,2080,1994.25,2062,43607
2060,2085,2043.099976,2073.100098,16112
2061,2090,2061,2077.100098,16869
2090,2149.649902,2085.800049,2101.350098,79455
2111,2120,2065.050049,2091.850098,12584
2090,2129,2082.600098,2106.25,14713
2110,2130,2091,2109.899902,19127
2100.300049,2110,2079,2092.949951,8576
2080,2080,2031.099976,2053.199951,16836
2058,2058,2029.5,2037.800049,9452
2038,2040,1995.800049,2000,17365
2003,2060,2003,2047.400024,10386
2053,2066.300049,2044,2056.850098,6418
2057,2069.899902,2048.75,2058.949951,10863
2060,2069,2006,2015.849976,7780
2016,2025,1992,1998.199951,14531
2002,2010,1969.900024,1977.099976,17899
1983,2035,1983,2024.550049,22699
2035,2053,2008.650024,2044.949951,16226
2045,2065,2025,2051.699951,17746
2057,2082,2049,2059.75,13441
2066,2077.649902,2039.5,2050.600098,11205
2055.050049,2090,2030.949951,2062.899902,24767
2058,2079.300049,2033.699951,2048.149902,27874
2047,2090,1996,2030.949951,16331
2042,2068.25,2042,2050.949951,15635
2057,2114.550049,2057,2098.699951,27316
2130,2145,2102.199951,2121.75,19700
2130,2214.699951,2113.75,2203.100098,42866
2200,2210,2152.300049,2169.75,21821
2155,2160,2122.399902,2128.300049,11157
2128,2130.449951,2060,2064.949951,20401
2065,2065,2031.650024,2041.300049,19057
2046,2082.699951,2036,2055.449951,44620
2060,2139,2050,2119.899902,53192
2119,2127.800049,2072.149902,2084.050049,20696
2084,2135.449951,2063,2127.350098,59158
2129.899902,2169.899902,2129.899902,2162.899902,27394
2168,2168,2130,2132.850098,14127
2139,2144,2090,2097.5,13507
2098,2107,2080.850098,2086.800049,14034
2093,2106,2050.699951,2067.5,21145
2067,2085.800049,2066,2074.800049,18197
2080,2099.850098,2065.149902,2086.050049,18772
2083.600098,2101,2075,2080.399902,15330
2071,2115,2063.399902,2096.5,15265
2100,2100,2065.5,2068.050049,13879
2073,2094.199951,2058.850098,2067.75,21615
2082.600098,2089,2059.25,2064.949951,8820
2068.5,2080,2062.050049,2068.25,43476
2072,2072,2030,2035.150024,10944
2035,2049,2024,2038.75,29617
2033,2046,2027,2035.5,6051
2040,2096,2040,2074.050049,16239
2078,2108,2067,2073.899902,9637
2078,2095,2066.100098,2075.149902,103138
2075,2099.899902,2062.350098,2085.75,12507
2090,2102,2068.550049,2071.550049,9739
2072.5,2072.5,2054,2059.75,9749
2060,2068,2047.300049,2052.800049,9187
2053,2061,2024,2035.199951,10935
2036,2036.099976,2001,2014.800049,6092
2015,2031.199951,1987,2013.449951,19216
2017,2078.399902,2017,2070.850098,21898
2085,2086,1982,1999.75,61401
1963,2028.650024,1955,1970.449951,44055
1970,2002,1945.099976,1963.050049,14019
1960,2003,1942,1988.150024,14087
2001,2001,1971,1983.400024,5491
1987,2000.400024,1958.5,1983.349976,56538
1990,2011.449951,1985,2007.349976,8646
2010,2020.150024,1987.599976,1997.400024,6732
2001,2004,1960,1960.849976,12834
1965,1984.050049,1965,1974.800049,6736
1980,1990,1959,1972.050049,8132
1972,1979.75,1915,1936.699951,11074
1944,2015,1920,1975.25,30057
1979,1995.25,1973,1977.550049,11427
1981,1995.75,1942.25,1947.050049,15156
1951,1954,1921,1928.099976,13203
1932,1945.300049,1907,1918.349976,20580
1920,1954.900024,1918.849976,1950.349976,11426
1952,1956,1930.150024,1951.099976,9390
1957.599976,1978.800049,1935,1973.050049,12279
1973.050049,1991,1943.050049,1965.099976,19544
1964,1967,1952.099976,1956.099976,6042
1965,1986,1940.699951,1978.949951,11808
1989,1990,1960,1971.75,11638
1977,2015.5,1972,2011.699951,10986
2013,2058.050049,1987.099976,2003.199951,23464
2005,2028.800049,1989.150024,2016.650024,17125
2020,2034,2001.050049,2018,17116
2019,2067.699951,2017,2063.149902,33169
2062,2113,2062,2100.600098,20918
2090.050049,2139.949951,2080,2125.350098,17833
2124,2149.5,2085.550049,2129.600098,23713
2135,2145.25,2106.5,2117.149902,6806
2105.25,2122,2060,2107.850098,16949
2100,2114.050049,2055.850098,2066.899902,12179
2070,2125,2066,2122.600098,13070
2101.050049,2198.399902,2093.5,2190.600098,25463
2171,2203.949951,2145,2176.75,32837
2165,2257,2165,2244.449951,27960
2255,2260,2215,2246.5,16374
2245.25,2298,2243,2272.850098,14752
2276.050049,2281.25,2240,2248.550049,10681
2271,2282.399902,2245,2250.149902,11158
2251.050049,2258.050049,2234.25,2250.649902,11197
2250,2258,2226.050049,2250.100098,16783
2250,2320,2218,2238.899902,11240
2238.899902,2250,2210,2243.300049,10270
2241,2242.100098,2190,2205.100098,14750
2195.050049,2206.149902,2164.350098,2171.550049,11915
2172,2235.350098,2124,2222.399902,25071
2214.149902,2244.800049,2162.25,2168.100098,18733
2175.100098,2223.800049,2165,2217.699951,9560
2219,2249.75,2211.899902,2246.199951,14660
2246,2274,2234.5,2266.199951,10041
2264,2293,2223,2249.949951,28578
2256,2265.399902,2198,2203.800049,17459
2206.550049,2210.050049,2156.75,2165.050049,11684
2165,2173.699951,2141,2145.199951,5915
2151.850098,2209.699951,2151.850098,2193.850098,17002
2205,2222,2185,2194.449951,12493
2205.050049,2222,2183.800049,2211.149902,13415
2208.050049,2208.050049,2175.149902,2180.949951,5934
2185,2190.550049,2157.449951,2164.300049,9386
2159.899902,2163,2128.350098,2132.050049,6141
2111,2230,2110,2215.600098,18797
2217,2315,2217,2304.550049,27480
2305,2441.949951,2305,2428.850098,47777
2409,2484.800049,2409,2431.75,38356
2432,2463.449951,2415.050049,2441.25,16008
2450.100098,2775.050049,2382.75,2397.800049,60960
2400.050049,2471,2393.449951,2444.399902,20559
2440,2440,2355.100098,2369.300049,23648
2365.300049,2394.350098,2325.699951,2343.649902,15456
2340,2386.75,2303.050049,2306.949951,30668
2311,2362,2311,2347.800049,15610
2360,2364.949951,2291.100098,2303.25,20060
2302,2336.050049,2280,2302.399902,8741
2303,2380,2303,2350.300049,36232
2346.5,2353.600098,2268.899902,2344.050049,28544
2344.800049,2358.800049,2332.850098,2343.75,12161
2349.5,2400,2349.5,2385.100098,16483
2400,2461.899902,2393,2455.75,31062
2468,2568.949951,2445.300049,2543.350098,35852
2555,2596.899902,2505,2587.5,24919
2599,2700,2593,2682.649902,51064
2710,2752.850098,2684,2725.899902,33859
2725,2725,2635,2662.600098,30970
2666,2722,2653.949951,2705.399902,150135
2705,2738.899902,2685.399902,2708.550049,28732
2694,2760.800049,2577.050049,2588.850098,3085587
2593,2620.75,2543.75,2610.75,35444
2639,2639,2578,2589.199951,20698
2599.899902,2602.550049,2535,2543.199951,22115
2550,2574.949951,2530.100098,2537.850098,16031
2538,2564.949951,2510,2520,14829
2525,2587.850098,2525,2580.100098,24616
2592,2622,2587.199951,2607.399902,18962
2610,2655,2585.5,2640.050049,18165
2670.050049,2673,2630.050049,2644.449951,19552
2654,2654,2610.449951,2623.449951,14082
2623,2638.050049,2603,2627.199951,11837
2622.149902,2665,2622.149902,2640.800049,14538
2656,2690.800049,2640,2674.199951,14982
2650,2650,2582,2589.399902,11360
2594,2623.5,2574.149902,2582.699951,18100
2588,2625,2586.300049,2614.25,9773
2615,2627.850098,2558.5,2574.399902,10181
2579,2590.949951,2516.300049,2536.699951,15202
2537.100098,2567.25,2398.100098,2435.550049,51280
2440,2490,2397.949951,2434.75,22368
2430,2470,2410,2452.25,8835
2466.100098,2487.550049,2394.149902,2409.149902,21055
2425,2450,2400.149902,2433.899902,14347
2442.100098,2466.850098,2435,2444.350098,11676
2445,2524.949951,2429.600098,2508.5,15808
2534,2541,2491.050049,2515.649902,14863
2521,2544,2508,2521.050049,8497
2526,2565,2510,2553.050049,21063
2558,2563,2523,2536.300049,7684
2537,2584,2537,2574.949951,17833
2600,2609,2503.850098,2533.199951,14034
2563,2607,2539,2601.350098,14535
2602,2624.850098,2574.149902,2596.050049,19254
2571.5,2617,2571,2598.899902,65868
2600.050049,2618,2576.550049,2606.649902,11437
2624.899902,2625,2552.300049,2584.199951,42115
2525,2606.050049,2525,2596.550049,455598
2582,2615,2582,2602.5,369453
2581,2597.949951,2557,2590.149902,27059
2599.899902,2620,2576,2606.149902,10378
2624,2624,2580.050049,2598.399902,6409
2597,2599.949951,2561.649902,2580.449951,7309
2581,2581,2490,2510.949951,32549
2516,2545.399902,2492.850098,2509.350098,24773
2510.25,2548.600098,2510.25,2540.649902,15099
2550,2554.449951,2504,2545.850098,28655
2531,2572.149902,2513,2557.550049,20679
2570,2573.850098,2508.449951,2531,17897
2553,2590,2518.199951,2578.649902,33378
2548.800049,2595.949951,2538.699951,2563.75,16074
2578.449951,2609.699951,2554.199951,2604.899902,22199
2598,2677,2575.149902,2608.149902,52710
2610,2786.5,2596.300049,2759.25,55680
2776.300049,2820.399902,2770,2801.649902,57411
2802,2807.949951,2756.899902,2775.300049,23232
2752,2842.600098,2739,2825.949951,34555
2824.600098,2825,2750.050049,2764.949951,19802
2740,2794.75,2740,2781.899902,24498
2799,2799.899902,2740,2749.25,14170
2752,2752,2676.300049,2682.149902,31452
2699.899902,2730.899902,2673,2720.800049,27950
2720,2763,2702.199951,2756.899902,21779
2735,2808.399902,2729,2800.949951,22018
2800.949951,2822.25,2780,2791.300049,29448
2805,2873.75,2794.25,2839.949951,48920
2834.5,3080,2823.75,2998.149902,58888
2998.550049,3022,2942,2951.050049,31139
2951.050049,3010.5,2934.300049,2999.800049,26541
2971.300049,3031.199951,2971.300049,2985.449951,17387
2985,2995.699951,2923.100098,2949.550049,19305
2955,2958,2900,2934.300049,29211
2908.149902,2917.350098,2845,2896.199951,45641
2905.050049,2905.050049,2851,2863.699951,14803
2865,2920,2825.300049,2842.050049,48106
2882,2926.449951,2858.100098,2878.899902,45814
2883,2883,2803.050049,2811.75,15389
2810.699951,2820,2780,2803.5,38808
2823.949951,2835,2805.100098,2818.899902,13434
2818,2870,2768.649902,2842.199951,40108
2813.300049,2893.850098,2813.300049,2873.800049,28882
2874,2881.399902,2840.5,2856.699951,38843
2865,2912,2725.25,2791.850098,67295
2890,2909,2740.300049,2877.100098,80863
2889.100098,2944.399902,2827.75,2936.899902,53794
2937,3005,2926.399902,2995.100098,79734
3025,3120.050049,3025,3115.949951,99069
3117,3127.199951,3065.050049,3086.699951,18259
3080,3090.100098,3008,3034.800049,21270
3107,3110,3027.649902,3041.449951,38917
3042.550049,3055,3011.100098,3030.149902,19843
3050,3102.199951,3041,3061.600098,31618
3065,3065,2928.800049,3010.75,84237
3031.100098,3035.75,2928.149902,2957.350098,63595
2927.899902,2927.899902,2875,2898.5,564758
2907.25,2936,2900,2930.75,39733
2944.699951,2953.600098,2910,2923.649902,26358
2925,2975,2925,2967.399902,25866
2987,2990,2912,2926.449951,31512
2921,2982,2920,2964.100098,22555
2965.449951,3038,2960,3027.699951,27076
3035,3049.199951,3000,3011.699951,12543
3020,3037,2975.800049,3001.850098,12039
3000,3010,2950,2995.149902,13158
3005,3046.600098,2997.199951,3028.75,16547
3028,3082.75,3028,3074.449951,16284
3080,3092.600098,3025,3045.399902,20471
3040,3108,3013.050049,3098.550049,18720
3089.899902,3135.600098,3085.600098,3105.600098,23131
3100,3159.800049,3100,3142.199951,14141
3150,3271.800049,3150,3258.25,30015
3250,3257,3200,3220.25,17818
3232.199951,3258,3173.550049,3193.649902,18662
3199.949951,3228,3174.5,3217,13687
3223.050049,3223.050049,3176.699951,3185.600098,9800
3166,3186.199951,3142.800049,3159.199951,9247
3155,3198.550049,3123.899902,3135.649902,9479
3110.300049,3190,3110.300049,3171.199951,8587
3165.5,3172.399902,3101,3119.899902,9527
3101.100098,3166,3101.100098,3128.649902,14387
3105,3212,3051.399902,3146.199951,9030
3140,3150.850098,3121.149902,3134,7556
3128,3200,3046.149902,3061.899902,15544
3090,3110,3028.25,3067.050049,51371
3090,3147.100098,3041.300049,3063.300049,28496
3063.300049,3136.050049,3061.800049,3115.600098,12337
3115,3155.5,3103.699951,3140.100098,7689
3145,3160,3087,3108.899902,8657
3106.649902,3113,3072,3097.300049,6966
3097,3157.600098,3097,3150.850098,10656
3145.5,3146.100098,3072.649902,3084.850098,9771
3079,3118.699951,3050.199951,3103.399902,17946
3100,3121.899902,3081.600098,3107.300049,9228
3110,3117.800049,3092.550049,3097.75,9620
3100,3149.199951,3098.550049,3118.649902,29509
3100,3100,3001.050049,3011.800049,20236
3005,3019.800049,2967.050049,2977.100098,16164
2980,2998.649902,2954.050049,2984.449951,28043
3000,3010,2968.550049,2993.149902,16513
2990.25,2990.25,2925.649902,2936.199951,22901
2925,2957.75,2887.25,2893.699951,31553
2882.550049,2922,2882.550049,2905.199951,41818
2915.050049,2965,2915.050049,2950.25,17524
2942,2954.75,2892,2896.850098,32980
2900,2920.550049,2835,2841.75,31963
2859,2860,2797.199951,2827.699951,38720
2830,2895.75,2830,2876.5,35779
2920,2920,2815.600098,2838.149902,38052
2844,2893.5,2844,2859.649902,21549
2880,2880,2822.050049,2856.699951,17320
2862.25,2895,2842.199951,2865.449951,19837
2864.5,2889.600098,2863.550049,2875.399902,15528
2889.850098,2937,2860.050049,2869.550049,26214
2874.5,2889.399902,2815,2834.399902,23143
2848.649902,2855.850098,2793.600098,2812.350098,67234
2780,2863,2753.850098,2829.899902,69418
2829,2857.600098,2825.25,2847.050049,64782
2855,2855,2772.5,2779.5,66504
2767,2767,2705.199951,2728.5,34851
2714.149902,2750,2690.25,2720.649902,191966
2724.350098,2769,2700,2752.449951,43464
2760,2817,2760,2805.350098,35074
2845,2869.100098,2814.800049,2852.5,21154
2830,2859.899902,2793.050049,2806.25,19464
2715,2748,2645.050049,2663.449951,906483
2677,2701.850098,2651.100098,2667.199951,80497
2665,2682.5,2648,2659.850098,62350
2660,2665,2630.149902,2646.800049,32713
2655.399902,2670,2641,2651.199951,41298
2670,2670,2615.100098,2625.550049,30745
2630.100098,2633.649902,2602.199951,2625.649902,44398
2630,2679.600098,2630,2670.350098,70691
2687,2703.25,2616.399902,2624.75,45016
2626,2650,2600.050049,2636.949951,28146
2640,2675.449951,2611,2621.399902,54486
2629.399902,2634,2591,2608.100098,48976
2607.949951,2607.949951,2574,2599.649902,21989
2601,2626,2600,2620.550049,44376
2616,2624.199951,2595,2617,29805
2621,2647.449951,2616.850098,2642.649902,166191
2660,2660,2604.050049,2609.5,36951
2615.25,2645,2600.75,2629.649902,20774
2648,2656.5,2634.800049,2652.449951,27461
2653,2688.75,2640.050049,2674.050049,25546
2680,2698,2652.300049,2665.050049,30937
2665,2666,2605,2614.800049,87896
2610,2644.600098,2604.25,2638,12057
2644,2645,2601,2607.800049,44789
2623.699951,2623.699951,2590,2595.600098,34445
2599,2621.899902,2577.399902,2608.050049,22472
2601.25,2601.25,2556.399902,2576.75,27550
2580,2662.25,2564.350098,2636.550049,22425
2643.550049,2657.149902,2620.100098,2642.600098,27434
2633.899902,2667.5,2629.199951,2655.600098,12128
2655.5,2678,2634.350098,2671.800049,13860
2680,2680,2622.199951,2640,11981
2657.699951,2657.699951,2600.149902,2605.100098,17128
2625,2631,2602.699951,2610,84968
2629,2629,2575,2584.25,383091
2586,2595.449951,2567.850098,2580.649902,26502
2581,2587.050049,2505,2523.850098,24711
2525,2525,2415,2428.850098,67968
2430,2438.100098,2383.199951,2410.149902,33007
2409.550049,2426,2300,2314.699951,40606
2349.899902,2349.899902,2294,2329.449951,27341
2348.449951,2417.800049,2341.350098,2408.600098,29452
2410,2426.949951,2362,2372.550049,25340
2385,2394,2325,2352.550049,296547
2351,2360,2298.449951,2324.050049,491955
2303.600098,2369.800049,2302.100098,2356.350098,68725
2357,2389.699951,2340.600098,2372.850098,28415
2365.100098,2365.100098,2324.899902,2329.449951,155715
2345,2397.949951,2334.100098,2386,22486
2389.550049,2390,2340.649902,2357.699951,31794
2356,2356,2310,2325.949951,39280
2328,2371,2312.75,2354.100098,100251
2305,2330,2252,2301.550049,71719
2345,2403.800049,2311.399902,2384.199951,44466
2399,2494.899902,2385.149902,2459.899902,93332
2474.199951,2527.449951,2474.199951,2502.100098,63589
2503,2548,2483.199951,2529.949951,29553
2530,2552.199951,2515.5,2528.399902,14382
2540,2547.699951,2507,2520.600098,10581
2519,2608,2519,2575.100098,28821
2581.25,2595,2574.350098,2579.25,12603
2579,2613.699951,2555.949951,2602.5,24244
2580,2610,2579,2600.899902,11303
2601.949951,2603.350098,2580,2586.850098,8096
2599,2636.149902,2587.850098,2616.050049,18964
2600,2659.949951,2593,2605.050049,31826
2622,2659,2595.100098,2641.949951,36604
2640,2705,2623.25,2696,33659
2680.5,2738.600098,2647,2709.699951,19949
2700,2700.5,2601.350098,2607.850098,53006
2610,2630,2568,2578.050049,22284
2597.600098,2597.600098,2538,2548.399902,20916
2549,2589,2530,2576.850098,17235
2580.550049,2596.350098,2510,2519.199951,11005
2523,2530.800049,2490,2501.649902,8825
2505,2528,2502.399902,2516.25,18734
2535,2547,2497.25,2503.649902,10997
2502,2522,2485,2506.800049,12434
2500,2530,2497.399902,2509.25,12915
2519.899902,2555,2500.149902,2543.899902,9792
2579.850098,2579.850098,2517,2525.600098,26311
2540,2547,2516.550049,2523.899902,128537
2549.899902,2578,2535.75,2551.699951,17353
2589.5,2589.5,2567.149902,2580.600098,7928
2589.899902,2713.699951,2516.800049,2523.199951,20090
2523.199951,2545.25,2513,2521.149902,16582
2525.399902,2573,2525.399902,2552.050049,13538
2550,2567.300049,2522.100098,2547,17997
2525,2555.449951,2503,2538.449951,14939
2549.800049,2551.699951,2504,2524.300049,13800
2552,2552,2500,2518.800049,25948
2520,2567.300049,2520,2532.850098,25343
2528.300049,2585,2528.300049,2577.800049,18637
2575,2623.5,2556,2612.399902,20501
2612.399902,2634.350098,2557.050049,2562.5,43781
2559.649902,2581.699951,2517.899902,2552.949951,30597
2550,2610,2550,2605.399902,20868
2605.399902,2618,2565.149902,2572.5,24341
2572.199951,2615,2552.199951,2600.649902,17172
2600.649902,2658,2596.199951,2640.199951,37299
2674.949951,2674.949951,2653,2660.100098,9110
2651,2665.449951,2640,2650,13091
2659.949951,2678.100098,2642.199951,2649.800049,10382
2674.550049,2674.550049,2654.850098,2660.75,8617
2662,2695,2662,2685.850098,12835
2685.949951,2720,2678.449951,2707.699951,12579
2706.699951,2729.949951,2676.300049,2714.300049,17104
2709.5,2747.25,2700,2738.199951,14270
2715,2738,2597.449951,2605.649902,21400
2600,2629,2519,2531.550049,39481
2540,2580.300049,2505.399902,2566.25,22954
2565,2626.600098,2565,2587.600098,15363
2587.600098,2693.5,2587.600098,2674.449951,22811
2655,2717,2604.149902,2697.850098,68635
2785,2800,2613.800049,2624.25,124436
2644.949951,2673.300049,2629.75,2660.399902,33546
2665.25,2680.949951,2641,2652.649902,19489
2652.649902,2669,2641,2660.5,14005
2673,2728.649902,2663.100098,2704.850098,28185
2704.850098,2718.949951,2668,2678.699951,41809
2678,2692,2626.149902,2635.350098,23859
2664,2681,2612.25,2643.850098,17345
2640,2722,2640,2714,23147
2682,2720,2642,2653.5,22824
2657.899902,2678.699951,2634.550049,2641.850098,11822
2645,2705,2617.350098,2690,28456
2660,2660,2624.199951,2633.899902,14447
2625,2648.649902,2535.100098,2559.899902,41810
2539.949951,2539.949951,2405,2478.949951,262517
2475.100098,2514.300049,2404.149902,2477.5,37090
2465,2475,2366.100098,2391.949951,117183
2419,2419,2364.5,2380.699951,44347
2418,2432,2381.149902,2400.949951,29695
2399,2411.449951,2381.100098,2397.350098,15695
2394.949951,2395.399902,2369.550049,2385.300049,44178
2360.149902,2388.399902,2302.699951,2343.25,47014
2350,2365,2322.899902,2329.949951,24015
2330,2336.899902,2270,2292.550049,30926
2293,2312.5,2259.100098,2279.800049,30383
2292,2330,2286.600098,2317.300049,17792
2328.050049,2369.800049,2328.050049,2347.75,14304
2347,2363,2312.399902,2343.949951,80844
2349.899902,2366.949951,2332.899902,2342.050049,15773
2350,2360.449951,2322.350098,2348.600098,7485
2350,2350,2307.949951,2310.600098,35594
2322.25,2379.949951,2321.699951,2363,22674
2375,2443.5,2375,2428.550049,23700
2415.600098,2440,2410.050049,2424.800049,7649
2433,2448,2376.649902,2386.100098,9326
2386.100098,2405,2384.449951,2401.300049,14357
2387.649902,2421,2371,2380.649902,12487
2400,2400,2339,2350.75,13980
2350,2370,2305,2331.699951,33958
2344.399902,2410,2313.699951,2395.649902,20824
2395,2470.949951,2393.600098,2413.350098,46966
2439.899902,2516,2435.699951,2501.649902,22207
2515,2550,2512.399902,2532.550049,22231
2523.600098,2554,2495.949951,2539.199951,24663
2539,2561.850098,2524.649902,2539.600098,15798
2560,2583,2554.399902,2565.25,14867
2575,2596.199951,2540.100098,2547.649902,16193
2547,2562,2525.050049,2538.850098,13605
2538,2548.5,2493.699951,2505.75,10651
2524,2578.600098,2501.100098,2567.449951,15500
2567.449951,2598,2559,2586.850098,16041
2582,2622,2565,2613.550049,15403
2590.050049,2625,2589.050049,2605.050049,28467
2665,2665,2592.199951,2619.050049,44987
2625.350098,2644.350098,2581,2594.949951,16499
2590.100098,2631,2590,2619.300049,12530
2619,2642,2587.199951,2620.399902,32688
2618.199951,2631.899902,2595.5,2623.550049,6956
2618,2635.949951,2605.850098,2625.75,7662
2611,2626.949951,2568.050049,2585,12650
2581,2584,2538.600098,2549.100098,8009
2549.050049,2596.550049,2538.399902,2583.75,14656
2599,2632,2593,2614.399902,14699
2581,2659,2580,2638.600098,29362
2626.050049,2666.800049,2592.199951,2632.899902,24625
2615,2648.199951,2605,2618.5,9242
2637.899902,2666,2605,2657.399902,17131
2660,2664,2600.399902,2610.949951,5376
2600.699951,2643.800049,2587,2611.449951,11448
2604,2615.550049,2574.850098,2597.800049,13277
2597.75,2604,2556.699951,2571.850098,18610
2609.899902,2683.800049,2580,2591.350098,62313
2601.199951,2638.949951,2558,2563.649902,46135
2573.350098,2664.5,2571.800049,2637.25,42534
2659,2667.699951,2631,2645.800049,16666
2610,2698,2610,2680.800049,690789
2672,2714.050049,2660.5,2704.149902,17268
2700.050049,2732,2680.100098,2702.649902,23608
2710,2715.699951,2668.350098,2677.75,16451
2674,2699.899902,2666.75,2675.850098,14275
2655,2680.050049,2610.550049,2618.350098,68272
2625,2633.949951,2603.050049,2617.149902,7795
2630,2662.949951,2611,2621.350098,13078
2621.350098,2637.050049,2586,2602.850098,10983
2600,2600,2534.899902,2546.800049,10190
2570,2574.800049,2535.550049,2545.600098,13854
2562,2562,2516,2523.300049,14578
2523.300049,2556,2501.699951,2537.449951,328351
2500,2573.800049,2500,2563.850098,66960
2585.399902,2616,2573.899902,2593.449951,11801
2615,2660,2603,2649.75,15771
2645,2662.850098,2622.5,2641.600098,11725
2650,2705,2637.100098,2695.800049,10644
2710,2710,2662,2669,14268
2675,2693,2662.199951,2675.199951,5305
2653.100098,2695,2653.100098,2689.699951,8732
2691,2707.899902,2688,2702.25,9081
2692.050049,2740,2692.050049,2734.25,10220
2720,2732.649902,2707,2711.649902,7498
2715,2717.899902,2672.050049,2695.25,63846
2695,2696.050049,2674,2687.850098,8335
2665,2669.699951,2635.449951,2645.5,18523
2644.949951,2655.25,2605.699951,2621.050049,9060
2640,2640,2577,2581.75,38434
2561.899902,2573.699951,2505.850098,2513.149902,9158
2529.75,2537.350098,2484.25,2489,16199
2488.949951,2525,2456,2503.199951,10811
2480,2500,2460,2469.550049,12122
2478.449951,2479.699951,2421,2470.75,14220
2449,2467.949951,2416.600098,2433.100098,36079
2449,2449,2410,2425.350098,13175
2425,2450,2375,2431.199951,9385
2448.800049,2498.449951,2448.800049,2482.949951,13061
2470,2505.449951,2458,2488.050049,19273
2488,2539.949951,2466,2473.5,23994
2483.449951,2600,2478.100098,2586.050049,17217
2595.199951,2597.800049,2497.550049,2520.800049,16753
2538.75,2539.050049,2471,2482.050049,16457
2489.100098,2508.699951,2430,2448.550049,23880
2442.149902,2575,2442.149902,2562.800049,25677
2565.649902,2568.75,2508.550049,2535,45350
2535,2545.5,2510.25,2521.800049,7347
2518,2541.899902,2477,2484.699951,10635
2509,2525,2472.149902,2510.5,9834
2509,2590,2509,2578.050049,53824
2580.100098,2585,2550,2568.100098,7608
2549.850098,2594.899902,2518,2579.649902,8163
2569.600098,2576,2545.800049,2547.449951,48509
2550.100098,2561.399902,2481,2498.449951,12884
2530,2533.800049,2454,2486.5,31464
2514,2538.350098,2491,2515.699951,16174
2515.699951,2567,2504,2508.449951,19584
2510.100098,2534,2440,2523.899902,19178
2545,2630,2545,2620.949951,17954
2615,2712.850098,2603,2704.850098,59661
2690.050049,2730.100098,2673.550049,2705.949951,19716
2705,2709.899902,2655.399902,2660.300049,10237
2660.300049,2660.300049,2610,2623.449951,8743
2621,2641.300049,2593.25,2623.300049,16503
2640,2646,2535.100098,2557.149902,14797
2570,2570,2473.850098,2499.649902,41198
2508.5,2682,2506,2667,42097
2681,2857.350098,2681,2807.75,94897
2810,2847.050049,2810,2824.75,36582
2817,2854.25,2788.949951,2835.800049,22300
2838,2850,2800,2809.899902,323236
2807.899902,2828.75,2789,2816.949951,16061
2827.699951,2848.5,2797.75,2812.100098,78546
2812,2839.800049,2795,2810.5,37646
2815.100098,2833.449951,2803.149902,2817.149902,16106
2815,2838,2807,2812.949951,20280
2820,2835,2763.5,2797.949951,24200
2810,2838,2807.449951,2819.5,13841
2828,2837.850098,2795,2832.899902,14626
2806,2823.949951,2778.850098,2802.75,54070
2780,2899,2754.5,2866.75,106481
2870,2914.5,2864,2870.350098,42640
2872.199951,2878.5,2832.199951,2848.199951,25052
2848,2878.899902,2836.300049,2851.350098,10801
2858,2923.850098,2858,2922.449951,77796
2920,2985,2919.100098,2943.399902,46354
2939,2970,2923,2951.050049,17145
2970.050049,2987.800049,2948.050049,2979.399902,15979
2978,3009.899902,2936.699951,2956.25,66510
2960,3005,2960,2983.550049,10877
2985,2985.050049,2942.5,2968.300049,10097
2968,2968,2885.350098,2920.300049,16442
2941,2985,2908.050049,2976.550049,17418
2980,3060,2973.100098,3049.949951,27372
3060,3170,3040.100098,3151.649902,44616
3148,3157.5,3050,3065.350098,22211
3069,3079,3006.25,3040.699951,265374
3050.050049,3064.5,2980,2988.5,270380
2980,3026.199951,2952.050049,3001,406447
3000,3021,2960,2967.399902,16578
2964.449951,2964.449951,2919,2932.100098,17480
2932.100098,2963.449951,2932.100098,2949.050049,64368
2945,2947,2889.949951,2901.300049,18707
2890.100098,2914.800049,2870,2901.300049,16290
2899.399902,2930,2887.550049,2907.699951,14464
2955,2959,2865.350098,2884.399902,41281
2899.899902,2915.350098,2884.550049,2897.699951,19625
2922.899902,2948,2881,2893.949951,51320
2913,2913,2829,2885.050049,44863
2890,2960,2890,2948.100098,27252
2948.100098,2973,2931,2961.899902,26061
2934.100098,2980.899902,2920.050049,2960.649902,29537
2955.050049,2979.100098,2945,2950.149902,17041
2950.149902,2950.149902,2897.600098,2915.850098,15356
2913,2913,2872,2902.949951,15104
2910,2958,2907,2927.949951,19183
2915.899902,2915.899902,2862,2884.850098,36475
2897.399902,2911.949951,2869,2890.300049,17471
2890,2907.699951,2872.100098,2896.75,13686
2897,2900,2864.75,2883.949951,13048
2865.300049,2905,2865.300049,2893.300049,11207
2924,2934.949951,2907,2929.25,14531
2924.75,2990.050049,2916.399902,2971.100098,23173
2971.100098,3008.100098,2970.149902,3003.25,19556
3010,3105.699951,3005.050049,3093.899902,27859
3104.300049,3124.300049,3070,3099.149902,67926
3100.050049,3132,3068.649902,3087.300049,51743
3087.300049,3144,3060.100098,3137.300049,21880
3152,3207.899902,3100.050049,3146.800049,33134
3140,3154,3090,3102,15941
3125,3146.449951,3111.699951,3127.899902,13686
3130,3180,3111.800049,3170.399902,11949
3160,3170.350098,3072,3083.25,25167
3055,3111,3055,3067.449951,14514
3067.449951,3067.449951,3017.5,3039.199951,30161
3036.449951,3039.949951,2990.5,3011.550049,64969
3027.649902,3086.449951,3022.050049,3066.699951,28933
3042.199951,3054.949951,3016.199951,3023.399902,11174
3043.350098,3043.350098,3015,3028.199951,11391
3005.850098,3092,3005.850098,3048.649902,11943
3055,3074,3036.5,3048.75,9218
3050.100098,3074.100098,3027.199951,3068.600098,13409
3077.550049,3083.800049,3038.75,3062.699951,9115
3062.699951,3076,2956,3055.949951,117396
3028.949951,3082,3025,3054.600098,15771
3080,3080,3011,3025.5,17239
3035.050049,3154.899902,3035.050049,3145,34643
3157,3222.350098,2987.800049,3180.850098,41156
3185.5,3199.899902,3160.350098,3176.649902,19361
3225,3225,3146.199951,3161.75,22645
3159.800049,3161.699951,3105,3111.5,12485
3130,3135,3090.699951,3101.300049,16364
3125,3170,3117.550049,3160.199951,17413
3170,3244.199951,3170,3236.550049,63863
3250,3259.350098,3223.5,3243.75,17364
3250,3259.949951,3220,3235.550049,11449
3229,3271,3205.899902,3251.300049,27070
3270,3289,3220.449951,3237.699951,15744
3253.649902,3291.149902,3240,3254.5,21867
3260,3261.850098,3208,3229.399902,18505
3240,3283,3235.149902,3276.600098,11684
3300,3306.100098,3260.300049,3265.649902,8983
3272.25,3285.850098,3254.050049,3260.350098,6927
3260.350098,3285.5,3250,3279.699951,14658
3280,3281,3173,3210.300049,20255
3210.300049,3257.149902,3189.899902,3203.5,9284
3203.600098,3229.449951,3150,3192.300049,37140
3190,3243.699951,3176.550049,3206.449951,16614
3211,3395,3200,3219.350098,17260
3220,3279,3201.949951,3260,70584
3278.100098,3305.899902,3210.5,3237.100098,32997
3255,3305,3250,3270.100098,24298
3299.949951,3455.649902,3287.25,3434.300049,47626
3525,3553.550049,3410,3456.800049,135264
3464,3490,3394.300049,3407.300049,101733
3424,3442.850098,3303,3320.5,45147
3317,3369.949951,3291.600098,3303.800049,22305
3310,3364.850098,3301.5,3313.300049,26300
3315,3320,3281,3294.699951,9699
3313.5,3429,3308.050049,3360.149902,44902
3360,3410,3356.600098,3369.399902,28677
3380,3380,3343.800049,3359.25,12184
3365,3365,3306.800049,3337.949951,14527
3382,3382,3296.149902,3306.449951,19452
3306.449951,3323,3287.899902,3309.5,16451
3305,3332.949951,3290,3303.75,14644
3322.25,3334,3300,3316.800049,13711
3316.5,3415,3282,3405.75,30877
3414,3483.399902,3414,3473.350098,37451
3480,3576,3480,3547.5,44367
3551,3597.149902,3520,3546.899902,27077
3580,3614.350098,3553.850098,3578.550049,29526
3581,3650,3581,3614.050049,25660
3699.800049,3699.800049,3578.350098,3609.850098,15095
3605,3739.899902,3605,3697.649902,34007
3690,3705.5,3568.649902,3623.800049,22598
3565,3565,3493.100098,3529.050049,27978
3530,3612,3530,3589.5,14552
3570,3573,3508,3522.600098,28398
3556.699951,3639,3529.949951,3585.149902,42172
3601,3617.149902,3544.050049,3554.300049,21639
3558,3558,3460,3468.100098,22028
3497,3510,3416.899902,3460,28764
3500,3577.800049,3500,3538.600098,34005
3538.600098,3553.449951,3515.649902,3531.75,12202
3565,3565,3450.949951,3463.699951,20116
3486,3499.899902,3440,3450.550049,25136
3475,3490,3439.5,3450.449951,9021
3485,3495.949951,3409.949951,3428.5,23116
3462,3462,3392,3414.350098,30064
3469,3542.850098,3448,3523,27021
3581,3600,3516.300049,3531.550049,37865
3583,3583,3485,3490.399902,46327
3525.300049,3525.300049,3462.399902,3473.600098,29617
3495,3495,3450,3471.699951,24530
3499,3512.899902,3479.100098,3489.699951,57951
3491,3519,3468.550049,3493.5,37207
3515,3518.850098,3466.949951,3482.199951,18211
3510,3510,3393,3404.149902,27398
3404.149902,3435.649902,3383.25,3410.5,38264
3420,3420,3360,3367,21364
3376.300049,3404.449951,3355.5,3362.75,20442
3371.100098,3375.5,3344.550049,3360.550049,17257
3360,3371.5,3330,3334.300049,20174
3335,3372.699951,3331.050049,3357.25,16410
3410,3454.800049,3375,3421.550049,52997
3470,3470,3300.149902,3314.75,147088
3345,3420,3324.899902,3348.649902,27973
3370,3388.100098,3355,3370.800049,14418
3360,3360,3316.25,3324.25,13110
3330,3400,3317,3379.5,25377
3390,3390,3250,3282.949951,25472
3300,3379,3264.649902,3350.149902,21026
3378,3381,3327,3369.600098,13179
3262,3262,3097.949951,3235.699951,60177
3290,3312.449951,3135,3144.550049,43561
3144.550049,3144.550049,2970,2981.75,46674
2980,2980,2869,2900.699951,41726
2926,3018,2894.350098,2914.5,32577
2949,2949,2844.399902,2878.149902,36841
2900,2942,2876,2934.75,98899
2945,2953.449951,2897,2928.100098,50614
2941,3015,2933.25,2997,25999
3030,3030,2996.350098,3012.850098,14436
2999,3069,2978.550049,3049.600098,11790
3050,3092.5,3029.399902,3039.100098,16839
3050,3117,3050,3101.5,19785
3117.899902,3180,3074.399902,3160.050049,25695
3160,3176,3135,3169,13433
3159.5,3215,3148.699951,3178.350098,18222
3160,3213,3150.5,3183.699951,20562
3183.649902,3258,3170.600098,3224.399902,22175
3228.699951,3241.199951,3186.199951,3198,9036
3250,3250,3200,3227.199951,19702
3260,3331.5,3248.100098,3308.949951,33094
3344,3344,3271.050049,3281.149902,15235
3272,3272,3199.550049,3216.550049,13281
3210,3239.449951,3195.449951,3201.949951,28525
3206.899902,3221.050049,3142,3163.199951,14102
3149.600098,3200.149902,3120.050049,3168.100098,18202
3168.100098,3183.399902,3119.5,3128,8615
3151.649902,3151.649902,3087.699951,3105.699951,14776
3135,3135,3040.199951,3057.149902,39921
3068,3101,3021.050049,3026.649902,17115
3022,3040,2983.800049,3000.5,14235
3008,3050,2992.149902,3036,8556
3040.100098,3045.850098,2976.5,3004.399902,9499
2981,3046.350098,2957,3034,13470
3035,3050,3000,3004.800049,10288
3032.949951,3050,2975,3032.300049,18905
3045,3061.5,3028,3044.75,17910
3045,3068.100098,2991.5,3028.699951,19692
2972.699951,3018.449951,2966,2987.350098,19758
3012,3025.949951,2976.050049,3014.25,28777
3020,3081.5,3015.25,3072.300049,39906
3085,3118.25,3055.949951,3068.600098,19921
3100,3108,3029.300049,3035.899902,13773
3040.100098,3073.449951,3020.100098,3062.949951,11475
3070,3092.050049,3040,3087,15766
3114.699951,3114.699951,3065,3079.649902,30618
3084.899902,3092.699951,3021.949951,3044.649902,14369
3051,3100,3029,3091.399902,9195
3110,3155,3074.399902,3131.649902,19725
3141,3159,3077,3088.850098,40555
3104,3117.699951,3068,3107.899902,15233
3105.050049,3120,3050.550049,3056.600098,18089
3058,3108.899902,3044.699951,3099.550049,117313
3112,3141.449951,3087.050049,3133.25,18307
3140,3265,3124.850098,3240.350098,48979
3235,3263,3201.050049,3216.300049,121590
3216.300049,3216.300049,3160.149902,3196.850098,19774
3210,3220,3153.75,3179.25,12653
3194,3300,3170.050049,3284.100098,48071
3269.800049,3291.550049,3217.5,3226,39597
3227,3229,3202,3215.699951,27317
3264,3284.5,3249,3262.800049,23318
3270,3270.050049,3227.5,3258.75,10165
3269,3282.25,3210,3223.800049,32991
3273,3312,3228,3264.300049,35943
3265,3279,3244,3266.449951,12390
3266.449951,3272.550049,3211.699951,3226.399902,24461
3233.850098,3233.899902,3146.5,3161.149902,22599
3161.149902,3165,3089.100098,3098.399902,19406
3110,3158,3054,3126.100098,19220
3126.100098,3133,3074,3085.649902,17705
3086.100098,3122.449951,3081,3103,14864
3107.350098,3139,3090.5,3128.5,63799
3118.050049,3173.949951,3111.850098,3164.800049,30629
3150,3199,3149.550049,3177.199951,35401
3218,3218,3155.899902,3168.350098,17392
3172.100098,3177.949951,3129.949951,3135,63710
3149.050049,3196,3149.050049,3184,18288
3203,3260.5,3191.050049,3227.550049,118959
3223.949951,3289.949951,3209.399902,3270.550049,12620
3275.949951,3332,3274.600098,3320.850098,19044
3315,3320,3281.649902,3299.399902,8177
3331,3331,3258.5,3270.899902,16441
3285,3297.850098,3259.949951,3273.699951,21027
3302.899902,3326.949951,3290.100098,3311.600098,101423
3351,3379.800049,3348,3357.5,533233
3351.100098,3406,3340.75,3399.25,562322
3367,3387.350098,3341.100098,3348.800049,19282
3350.199951,3374.800049,3336.75,3345.25,10252
3351.699951,3366.899902,3325,3337.649902,8037
3341.050049,3358.149902,3330,3342.800049,6656
3325,3338.800049,3301,3310.550049,15978
3333.350098,3378,3328.050049,3366.550049,13156
3356.100098,3385,3344.550049,3376.600098,17002
3375,3397,3311.600098,3340.25,22216
3344,3356.899902,3312,3328.050049,15892
3328.050049,3336.399902,3180,3223.25,171949
3210,3265,3202.649902,3231.5,35739
3206.050049,3232.050049,3200,3223.850098,48072
3250,3263.949951,3195.199951,3204.699951,16106
3205,3226.5,3191,3196.350098,15219
3190,3219.75,3180,3205.350098,17469
3207.899902,3235,3200,3216.600098,16836
3214,3226.949951,3187.199951,3199.449951,8840
3200.050049,3224.25,3186.699951,3201.350098,13145
3210.949951,3233.5,3200.600098,3226.149902,10962
3221.399902,3245.5,3212,3224.899902,9000
3210,3245,3210,3229.949951,16222
3242.149902,3258.899902,3218.199951,3223.949951,11934
3243.600098,3243.600098,3185,3204.600098,11948
3202.699951,3215,3182.699951,3201.25,7150
3212.449951,3218,3191.5,3204.899902,11218
3204.899902,3218.850098,3190,3204.550049,12733
3204.550049,3315,3203.25,3305.699951,24096
3310,3324,3270.050049,3309.699951,40100
3315.25,3360.050049,3275,3297.149902,14192
3350,3350,3290,3330,11863
3315.649902,3382,3303.550049,3351,16665
3374.449951,3381,3351.949951,3368.149902,10027
3376.350098,3410,3357.800049,3394.100098,11250
3376.550049,3411.75,3341,3362.600098,13925
3383,3409.899902,3370,3393.850098,5512
3409.949951,3435.850098,3280,3289.800049,23402
3288,3340,3271.899902,3322.399902,34250
3360,3482.600098,3295.5,3463.800049,75549
3465,3554.800049,3462.149902,3536.949951,53095
3545,3556.949951,3501,3517.300049,10963
3525,3631.5,3493.050049,3619,24288
3604,3680.699951,3595.449951,3642.75,24221
3535.350098,3640,3535.350098,3596.100098,9416
3590,3654,3539.149902,3572.949951,20682
3590,3640.25,3552.199951,3564.5,11989
3590,3618.949951,3563.649902,3585.449951,10058
3585,3604.899902,3528.050049,3562.800049,9704
3570,3635,3529.649902,3615.75,13657
3625,3659,3606.550049,3616.100098,235026
3617,3676,3595.050049,3667.5,12709
3674,3752,3663.600098,3739.5,28522
3725,3760,3720.550049,3742.800049,12807
3741,3813.100098,3716,3734.550049,18725
3780,3850,3764.050049,3841.75,28833
3874,3880.25,3811.600098,3826.699951,25245
3834.899902,3838,3791.300049,3815.800049,12767
3815.800049,3856,3805,3844.050049,12843
3841.5,3855,3773.199951,3784.550049,12778
3800,3800.949951,3756.699951,3779.350098,10039
3791.899902,3791.899902,3760.100098,3774.649902,6862
3770,3787.5,3744.550049,3752.550049,4682
3752.600098,3806,3752.600098,3786.649902,30682
3792.600098,3819,3759.600098,3779.350098,6964
3780,3792.850098,3760,3778.399902,8669
3800,3836,3796.899902,3826.050049,9451
3830,3842.899902,3786.850098,3801.199951,10983
3801.199951,3807.199951,3760.050049,3768.649902,6882
3770,3795.5,3720,3733.149902,12483
3735,3736,3653,3660.300049,22667
3670.699951,3708.800049,3636.550049,3695.949951,37906
3673.199951,3723.5,3668.5,3687.850098,42005
3737,3737,3685,3719.149902,12124
3690,3710.850098,3666,3696.699951,9317
3695,3788.550049,3677.399902,3777,22787
3800,3800,3685,3699.949951,2099389
3705,3717,3697.600098,3707.050049,9251
3707.050049,3745,3707.050049,3721.399902,9740
3723.899902,3723.899902,3675,3682.5,8974
3694,3743,3680.550049,3732.75,47755
3700,3755.550049,3700,3750.100098,11040
3711,3777.350098,3711,3731.949951,11630
3740,3767.300049,3725,3749.699951,20375
3760,3792,3733.800049,3753.199951,15960
3767.5,3785.25,3742.5,3763.75,9403
3735.949951,3807.300049,3712.100098,3785.5,10847
3787.300049,3795,3756,3766.199951,71971
3775.300049,3786.300049,3721.550049,3729.550049,8128
3732.800049,3737,3672,3679.649902,15413
3728,3728,3686.050049,3691.149902,10179
3715,3747,3699.899902,3706.850098,534387
3710,3741,3689.949951,3717.75,16425
3723.399902,3759,3685,3707.449951,12700
3749,3749,3619,3631.800049,97466
3670,3673.949951,3607,3654.100098,49097
3665.100098,3735,3665.100098,3721.550049,156101
3755.100098,3838,3743.449951,3800.350098,68083
3830,3843.899902,3775,3839.149902,13956
3839.149902,3967.199951,3813.850098,3958.649902,67385
3950,4019.399902,3931.399902,3953.600098,25236
3970,4003,3900,3912.699951,18055
3913,3939.649902,3860.149902,3884.25,24169
3880,3944,3860.449951,3886.899902,97512
3885,3885,3800,3844.75,11304
3844.75,3969,3844.75,3954.149902,9132
3969.899902,4043.75,3939.050049,4018.050049,97603
4030,4036,3975.699951,3996.850098,8834
3975,3999.800049,3970.149902,3982.75,59538
4001.199951,4036.050049,3950.050049,3967.600098,7600
4002,4002,3877.800049,3885.300049,38813
4200,4200,3870.300049,3890.149902,13927
3919.399902,3920,3870,3874.5,75939
3890.050049,3990.600098,3840.75,3960.050049,10576
3940,3982,3924.350098,3948.800049,102752
3950,4013.949951,3950,3987.149902,14919
3976.149902,4019.699951,3970,3998.100098,19982
4001.949951,4090,3996.550049,4047.300049,24439
4079,4079,3966.550049,3973.600098,21174
3988.350098,4005.300049,3958.800049,3970.600098,20684
3970.600098,3993.850098,3933.699951,3950.550049,13047
3964.300049,4009.149902,3964.300049,3982.899902,23279
3991.199951,4001.449951,3941,3959,6852
3993,3993,3939.100098,3945.850098,8745
4025,4025,3907.899902,3917.550049,13831
3918,3968.5,3880,3895.5,20281
3938.899902,3938.899902,3886.550049,3894.699951,9847
3894.699951,3910.100098,3872,3891.25,11891
3903,3958,3900,3951.050049,11735
3965,3972.25,3941.199951,3948.600098,9083
3983.699951,3983.699951,3845,3858.100098,20324
3904.699951,3904.699951,3818.399902,3888.850098,13733
3888,3888,3781.5,3788.149902,19925
3849,3849,3725,3755.649902,35339
3794.899902,3808,3755.800049,3785.850098,24385
3813.699951,3825.050049,3712.649902,3732.399902,10468
3755.899902,3773,3677.949951,3744.550049,30639
3750,3818.300049,3728.899902,3781.199951,67746
3829.899902,3846.050049,3795,3805.550049,109548
3850,3865,3778,3794,29804
3799,3799,3740.050049,3757.199951,19038
3790,3790,3682.149902,3703.699951,34978
3705,3714.550049,3680,3687.699951,21394
3699,3719.949951,3662,3692.399902,11358
3700.449951,3739.899902,3675.800049,3687.600098,12119
3700,3761.949951,3699.100098,3742.300049,20307
3743.899902,3785,3743.899902,3754.100098,12299
3789.899902,3804.399902,3762.399902,3773.75,9605
3783,3829,3763.550049,3806,14453
3799.899902,3810.199951,3726.949951,3747.800049,8770
3755,3755.25,3724.550049,3738.149902,2019
3778.899902,3815,3770.649902,3790.399902,24234
3751,3802.949951,3743.649902,3760.050049,4710
3789.899902,3792.899902,3724.75,3769.300049,9797
3772,3788.899902,3740,3762.350098,9012
3725.050049,3829.949951,3725.050049,3797.050049,51645
3826,3841,3810.550049,3830.800049,32115
3849,3868.949951,3822.5,3854.75,29398
3895,3895,3801.5,3816.449951,24724
3745.050049,3803.050049,3710.75,3733.050049,21285
3825,3825,3682.5,3690.800049,15543
3692,3713.850098,3662.050049,3691.399902,9871
3692,3727,3677.050049,3681.699951,9856
3681.100098,3715,3621.5,3632,11332
3636,3654.949951,3592,3603.949951,13408
3591.149902,3635,3555,3606.399902,10278
3610,3627.75,3570.100098,3583.5,10515
3555.100098,3660,3555.100098,3653.649902,12428
3640,3709.949951,3640,3675.5,17173
3670,3686.75,3636.850098,3661.600098,10884
3666,3694.449951,3625,3634.600098,10798
3605.5,3685.800049,3605.5,3658.5,10173
3665,3692.949951,3664.899902,3680.5,5901
3699.899902,3700,3644.5,3661.850098,11649
3666.649902,3693,3645.199951,3679.100098,6996
3679.199951,3694.899902,3645.199951,3654.649902,35692
3656,3670.100098,3607.25,3654.699951,13241
3640.100098,3679.899902,3640.100098,3673.850098,7266
3665.550049,3692.5,3647,3656.850098,7563
3650,3677.449951,3636,3642.300049,5011
3642,3680,3571,3606.949951,17148
3614.399902,3626.850098,3596.350098,3605.600098,7831
3580.100098,3588.949951,3513.050049,3522.149902,15909
3520,3520,3470,3500,16500
3502.600098,3569,3502.600098,3555.399902,7652
3556.449951,3564.600098,3502,3513.050049,123825
3519,3547.199951,3502,3514.550049,8176
3504,3530.5,3434,3444.949951,15045
3442,3487.75,3410,3421.850098,12474
3423,3467.899902,3418.850098,3454.449951,10705
3478,3513.050049,3469.149902,3502,9710
3500,3549,3438,3530.850098,11794
3530,3704.75,3530,3696.800049,62414
3703.100098,3792,3700,3740.600098,106215
3790,3820,3765.449951,3809,23863
3809.050049,3833.949951,3772.199951,3785.949951,17526
3787,3830,3746.600098,3804.649902,10851
3808,3833.100098,3756.25,3779.350098,6762
3760,3788,3656.850098,3713.5,28851
3717,3807.300049,3717,3786.300049,14809
3790.149902,3806.850098,3755.300049,3768.800049,11023
3780.5,3783.449951,3723.050049,3747.449951,17222
3743,3768.850098,3736.050049,3751.449951,25328
3755,3755,3720,3738.5,14128
3740,3765.899902,3726.100098,3739.300049,9242
3740.550049,3800,3740.550049,3790.350098,9767
3790.350098,3802.899902,3742.899902,3751.850098,11561
3750,3753.25,3718.25,3732.199951,63380
3775,3775,3700.550049,3706,16010
3722.550049,3727.25,3653.050049,3685.800049,11046
3695,3700,3611.050049,3627.75,141854
3630,3665.350098,3586.550049,3594.850098,10113
3618.949951,3618.949951,3530,3566.050049,225307
3575.050049,3642,3575.050049,3592.199951,36171
3592.199951,3613,3555.050049,3590.75,9327
3603.199951,3620,3589.899902,3602.800049,8191
3585.100098,3632.5,3585.100098,3623.100098,12389
3606,3646.350098,3600.050049,3640.5,11367
3641.149902,3656.199951,3550,3569.600098,19265
3550.300049,3654,3523.949951,3640,20736
3660,3697,3655,3688.5,22084
3686.050049,3745.5,3685.550049,3691.600098,22314
3720,3743.949951,3694.850098,3734.399902,22458
3734.399902,3753.5,3615.050049,3623.649902,55951
3624,3690,3388,3634.050049,29012
3598,3598,3475,3542.649902,21850
3606,3799.899902,3546,3564.300049,21246
3586.600098,3615.699951,3558.399902,3585.25,15859
3546,3577,3533,3546.050049,9532
3530.100098,3658.449951,3530.100098,3619.350098,17475
3621,3626.899902,3569.550049,3599.850098,10681
3580,3580,3522,3533.149902,11221
3533.050049,3557.850098,3480,3493.100098,10270
3500,3514.399902,3441.75,3460.149902,9235
3480.449951,3516.649902,3445.350098,3483.899902,31846
3498.600098,3508.050049,3460.600098,3490.399902,12507
3508.899902,3508.899902,3463.199951,3482.350098,9405
3450,3505.600098,3450,3498.649902,8805
3509.25,3549.949951,3509.25,3540.350098,14498
3586,3600,3545.699951,3587.949951,7780
3553,3615.899902,3539.300049,3600.550049,11907
3620,3630,3566.100098,3579.449951,7399
3599.899902,3599.899902,3536.399902,3557.600098,40492
3580,3594.75,3538.149902,3569.899902,15869
3555.050049,3571,3515.75,3562.100098,15937
3562.449951,3597.300049,3543.199951,3585.649902,6427
3600,3665.449951,3581.050049,3587,16875
3600,3709.800049,3600,3685.800049,14709
3690,3728,3682,3701.300049,9312
3688,3688,3625.199951,3635.449951,9030
3628.100098,3686.699951,3628.100098,3643.199951,9784
3643.5,3652.800049,3529.350098,3546.050049,13052
3555,3555.699951,3438.850098,3512.399902,15936
3510,3594,3500,3513.25,5682
3530,3530,3460,3469.350098,72690
3472.350098,3486.350098,3440,3454.850098,10227
3461,3461,3353.75,3414.649902,147091
3415,3491.899902,3366.5,3481,16016
3528.600098,3528.600098,3440,3465.850098,28774
3450,3575,3440.050049,3545.5,19354
3510,3652,3510,3640.649902,16139
3654,3684.600098,3624.949951,3640.300049,89392
3665,3693,3636.350098,3669.949951,28734
3699,3800,3696,3784.149902,34390
3800,3800,3750.600098,3782.399902,11947
3789,3804,3760.350098,3788.300049,6622
3800,3813,3704.050049,3720.800049,31065
3750,3760,3686,3728.800049,78843
3758.600098,3782.75,3731.100098,3745.699951,5877
3766,3769.649902,3700.050049,3729.5,38266
3750,3809,3721.600098,3798.050049,13860
3820.949951,3820.949951,3760,3770,4319
3786.649902,3862,3730,3741.949951,7141
3755.100098,3766.649902,3712.75,3729.25,6144
3733.899902,3778.600098,3695,3744.800049,8359
3744.800049,3744.800049,3695,3717.75,6132
3770,3770,3710,3719.600098,5506
3755,3755,3703.050049,3717.899902,60356
3718.149902,3785,3660,3756.899902,11410
3786.600098,3786.600098,3703.5,3715,36286
3728.699951,3748.449951,3717.5,3733.699951,8731
3769,3775,3642.100098,3662.300049,41468
3670,3683,3640,3657.100098,13478
3657,3669.949951,3648.050049,3659.800049,58004
3650,3675,3625.850098,3655.050049,70315
3652.850098,3674.399902,3645,3656.649902,10684
3670,3685.550049,3638.050049,3657.350098,121560
3655.149902,3664,3625.449951,3643.25,18563
3630.300049,3643.5,3592.949951,3616.149902,61331
3645,3657.5,3620.600098,3649.350098,110222
3646.350098,3661.75,3635,3653.25,60971
3617.100098,3635,3500,3576.399902,18938
3597,3686,3535.899902,3554.449951,13187
3549.75,3567.449951,3538.350098,3561.75,9361
3570,3573.300049,3470,3495,25208
3465,3520,3410,3509.300049,19407
3480,3486.949951,3453,3482.149902,6102
3487.600098,3500.800049,3451.149902,3486.25,19444
3473.149902,3573.300049,3464.699951,3550.699951,22914
3556.100098,3621.850098,3538.449951,3596.850098,8883
3660,3660,3565.600098,3612.350098,9095
3613.100098,3624,3530.100098,3606.850098,9346
3575,3620.899902,3500,3547.25,24213
3547,3633.25,3547,3623.75,21258
3641,3678.050049,3599.75,3612,18012
3612,3629,3569,3608.649902,425354
3622.75,3652,3599.100098,3638.899902,174789
3660,3680,3629.25,3657.050049,13531
3650,3655,3608,3634.399902,8844
3676,3677.399902,3602.5,3612.550049,9554
3612.050049,3715,3602.550049,3688.75,23661
3672.050049,3715,3672.050049,3698.899902,21174
3694.75,3706.75,3632.949951,3684.100098,15641
3720.600098,3720.600098,3655,3689.149902,19748
3676.399902,3698.199951,3655.050049,3668.699951,12442
3671,3671,3625.5,3655.649902,9331
3655,3675.600098,3643.899902,3658.050049,8726
3660,3673.699951,3621,3631.550049,8274
3620,3650.050049,3602.149902,3640.100098,13174
3640.100098,3640.100098,3571.050049,3585.149902,14731
3573,3577.100098,3536.449951,3567.600098,12120
3609,3609,3522.050049,3538.050049,34230
3522.199951,3545.300049,3476.600098,3513.850098,15135
3528.600098,3531,3460,3472.050049,11002
3819,3819,3394.800049,3413.600098,22478
3450,3483.800049,3444,3453.5,15871
3450,3480,3417.399902,3468.449951,12163
3484.649902,3517.199951,3458.949951,3502.699951,13176
3518,3665,3489.649902,3636.699951,43205
3690,3690,3608.300049,3622.199951,16249
3629.25,3695,3570.5,3592.149902,28266
3552.050049,3579.399902,3526.149902,3540.699951,33615
3551,3576.949951,3485,3498.050049,76982
3505,3520,3439,3460.600098,18219
3470,3471,3415,3423.850098,9851
3415,3510,3400,3479.550049,30061
3505,3514.800049,3476.699951,3501.5,9626
3510,3510,3446.050049,3458.899902,9129
3462,3489.75,3323,3373.149902,48095
3385.100098,3385.100098,3094,3163.899902,112067
3185.600098,3208,3037.100098,3101.449951,115799
3141.850098,3199,3071.100098,3111.949951,72265
3052.100098,3187.649902,3052.100098,3137.699951,66721
3157.850098,3230,3136.300049,3193.800049,44181
3181.600098,3227.050049,3180,3205,16707
3210,3303.449951,3190.050049,3293.800049,33883
3313.699951,3333.300049,3250,3272,35876
3282,3290,3220,3266.75,33868
3268.350098,3283.899902,3231.5,3246.100098,17281
3280,3305.75,3253.949951,3296.949951,15477
3315,3323.449951,3269.949951,3301.800049,17118
3301.800049,3323.550049,3288,3298.399902,13178
3317,3338,3260.100098,3275.149902,18946
3286,3338.949951,3266.100098,3321.399902,25471
3282,3343.949951,3280,3305.600098,14757
3330,3330.100098,3250,3263,18950
3265,3308.100098,3235.75,3286.100098,19493
3325,3325,3235.25,3248.600098,11982
3253.649902,3323.899902,3253.600098,3305.050049,14472
3310,3348,3295.300049,3309.600098,29204
3348,3348,3267,3280.899902,13644
3273.800049,3287,3200.300049,3212.600098,21053
3235.75,3400,3213.300049,3223.850098,22026
3248,3248,3191.100098,3231.899902,21776
3239.800049,3270.5,3202.850098,3239.850098,19545
3232.75,3250,3201.149902,3221.350098,13212
3211.050049,3260,3201.25,3253.100098,11778
3275.75,3291,3237,3242.649902,11484
3237.050049,3249.25,3181.100098,3185.75,13882
3180,3197.75,3137.100098,3148.199951,18605
3151,3178,3118,3161,12467
3198.899902,3345,3168.5,3327.449951,38590
3327.449951,3334.399902,3261,3278.350098,15038
3300,3300,3165,3178,30774
3209.949951,3209.949951,3110.449951,3164.199951,26314
3165.050049,3197.449951,3156.050049,3186.949951,12730
3186,3186,3128.25,3132.199951,21224
3133,3155.899902,3100.050049,3111.649902,18730
3110,3176.050049,3106.050049,3142.350098,12201
3170,3205,3026.25,3165.699951,17105
3196.399902,3196.399902,3060,3105.600098,15135
3108.25,3119,3082.949951,3107.699951,13834
3161,3161,3090.600098,3104.5,12981
3114,3131.649902,3077.949951,3091.600098,10795
3097.399902,3097.5,2880,2932.149902,58942
2942.800049,2985.350098,2850,2972.449951,22043
2992,2997.850098,2882.25,2915.899902,26410
2906,2906,2715,2757,80418
2757,2775,2695.149902,2740.850098,41908
2720,2953.949951,2713,2881.75,69914
2900,2931.5,2869,2883.199951,32517
2923.75,2989.949951,2901.850098,2914.399902,30537
2896.199951,2935,2825,2866.75,28252
2898,2939.699951,2876,2892.75,21488
2935,2935,2870,2883.300049,12178
2877.699951,2909.350098,2874.449951,2898.699951,18415
2918,2992,2772.850098,2815.100098,66905
2814,2814,2678.850098,2711,32973
2721,2762.300049,2694.649902,2729.850098,22841
2730,2744.050049,2695.199951,2720.699951,18184
2757.800049,2757.800049,2661,2702.449951,16961
2694.949951,2725,2648.699951,2694.550049,23685
2717,2755,2672.699951,2705.75,24372
2728.350098,2766,2707.649902,2755,14003
2755,2808.449951,2736.050049,2774.350098,22299
2800,2817.050049,2715.5,2765.199951,28366
2765.199951,2801.149902,2750.050049,2791.449951,10581
2865,2933.5,2843.5,2892.600098,52623
2893,2893,2817.699951,2854.75,13395
2885,2899.899902,2831,2857.050049,13599
2875.149902,2898.199951,2875,2889.949951,2574
2915.449951,2955.449951,2878.050049,2950.050049,20651
3019,3019,2820,2837.5,26038
2833,2894.449951,2808.300049,2873.449951,23950
2888.949951,2925,2826.100098,2855,13281
2870,2930,2870,2917.199951,15997
2934.949951,2970,2924.699951,2954.550049,12071
2988,2997,2964.649902,2983.25,9771
2996.949951,3000,2942,2958.350098,13591
2968.800049,2968.800049,2896.800049,2920.050049,15090
2914.800049,2951,2874.949951,2915.850098,16814
2921,3096,2915,3062.100098,27525
3084,3084,2958.100098,2967.199951,27864
2989.949951,3011.949951,2975,2992.25,15278
3010.300049,3042,2997.600098,3021.25,12399
3036,3080,3016.600098,3058.199951,24867
3070,3070,3001.949951,3043.800049,16595
3044,3091,3032.5,3062.050049,58346
3051.050049,3079.800049,3029.199951,3055.100098,15262
3038,3050,3003.050049,3017.399902,8272
3064.949951,3071,3023.600098,3064.050049,7458
3054,3054.050049,3006.899902,3042.100098,9469
2999,3057.850098,2982.550049,3035.449951,27384
3051,3280,3041.050049,3265.300049,262275
3250,3332,3210.149902,3313.199951,66907
3312,3347.800049,3267.850098,3313.5,27587
3324.449951,3324.449951,3244.949951,3284.75,21368
3278,3322,3246.600098,3299.949951,29457
3317.800049,3328.649902,3280.850098,3303.850098,16663
3295.449951,3382.699951,3270.149902,3361.149902,25799
3363.25,3366.5,3310.649902,3319.949951,18990
3313,3313,3149.649902,3173.050049,29969
3165,3208,3134.649902,3185.949951,27084
3193.300049,3214.199951,3118.100098,3131.600098,21421
3131.550049,3159.850098,3118.350098,3130.199951,16065
3145,3155.899902,3081,3105.699951,17945
3097.5,3135,3057.199951,3128.699951,21056
3123,3123,3035,3046.050049,47761
3040,3077.899902,3004.100098,3012.25,30237
3045,3045,2977.350098,2992.550049,176473
3015,3026.75,2954.050049,2959.350098,24912
2967,2992.149902,2931,2974.800049,18955
2990,2990,2910,2940.449951,24230
2935,2947.899902,2915.100098,2922.649902,16180
2930.100098,2934.300049,2889.050049,2900.350098,16354
2890,2921.899902,2858.800049,2867.300049,12530
2887,2918.199951,2868,2911.149902,13057
2950,2950,2871.25,2880.050049,13257
2893.550049,2935,2863.699951,2906.449951,11576
2907,2927.899902,2864.050049,2893,13770
2923.949951,2923.949951,2777.100098,2794.5,38991
2795.800049,2837.699951,2746,2823.850098,20689
2811,2848.449951,2780,2791.100098,13320
2794,2818.25,2782,2800,12830
2750,2790.699951,2655,2670.050049,41842
2673,2706,2594,2602,26839
2605,2650,2572.649902,2632.149902,21384
2655,2655,2595,2608.800049,52194
2631,2631,2561.899902,2612.050049,37121
2620,2837.300049,2620,2807.350098,373381
2810,2841.850098,2720.350098,2781.449951,40649
2805,2870.25,2800,2855.399902,36357
2874.399902,2889.449951,2848.600098,2875.149902,24273
2895,2944.050049,2891.949951,2933,30201
2933,2957,2902.149902,2932.350098,25761
2927.649902,2927.649902,2805.149902,2883.050049,28258
2885,2885,2788.699951,2802.399902,17666
2776,2889,2730.050049,2778.850098,43629
2790,2807,2682.300049,2702.300049,21558
2702,2702,2661,2683.449951,10959
2700,2715,2634.199951,2643.149902,16833
2645,2656.5,2610,2625.600098,18312
2630,2655,2585.100098,2643.699951,34861
2640.75,2735.550049,2629.949951,2687.350098,30766
2697.5,2722,2692.25,2710.100098,23083
2700,2715,2616,2688.350098,28816
2698,2740,2650,2674.699951,30155
2689.949951,2703,2622,2634.949951,26599
2660,2690.800049,2640.300049,2673.649902,31145
2675,2819,2653.100098,2796.699951,48260
2799,2834.949951,2745,2765.800049,25917
2788,2788,2726.199951,2734.199951,18311
2737.149902,2760,2704.949951,2748.5,15706
2730.100098,2830,2730.100098,2814.550049,60047
2830,2840,2794,2811.899902,32237
2840,2840,2795,2806.100098,13409
2824.949951,2824.949951,2745,2755.350098,17887
2785,2785,2720.100098,2739.050049,31119
2749.100098,2763.550049,2665.100098,2671.5,53937
2671.699951,2672,2603.350098,2615.399902,59105
2617,2645,2595,2612.449951,44477
2619,2637,2595,2605.25,32343
2599.899902,2609,2544.5,2580.199951,39685
2610,2610,2552,2579.699951,28372
2593,2593,2538,2548.600098,50152
2589,2589,2517.199951,2532.050049,53106
2575,2594.5,2550,2558.5,33770
2554,2599.300049,2547.5,2569.649902,51057
2595.399902,2595.399902,2569.600098,2582.600098,60595
2590,2647.850098,2590,2637.699951,75245
2649.699951,2664,2605.199951,2617.050049,39127
2620.050049,2643.800049,2580.050049,2587.100098,34792
2598,2635,2568,2626.550049,36858
2625,2625,2593,2599.399902,20378
2599.699951,2614.199951,2593,2602.899902,27441
2602.899902,2644.050049,2595,2640.050049,38657
2663.899902,2712.699951,2651.449951,2701.399902,70105
2719,2749.75,2716,2733.850098,39109
2740,2759.899902,2731.199951,2739.300049,20559
2740.050049,2748.399902,2675.149902,2683.699951,20537
2698.850098,2726.350098,2620,2637.100098,34665
2637.100098,2657,2586.449951,2623,37613
2629,2636.949951,2597.449951,2617.449951,40515
2610,2616.5,2577,2604.149902,43660
2579.699951,2579.699951,2478,2512.649902,72700
2520,2568.75,2495,2551.600098,67678
2565,2587,2541,2567,35326
2562,2562.800049,2520,2527.350098,22763
2555.100098,2565,2520.550049,2528.25,33946
2525,2535,2485.050049,2500.699951,32421
2516.699951,2552,2497,2536.149902,34623
2550,2558.25,2500,2509.050049,18656
2500.100098,2537.850098,2500.100098,2509.899902,19036
2511,2528,2476,2508.850098,14099
2510,2541.949951,2486,2496.399902,26243
2490.050049,2535,2490.050049,2516.300049,7359
2525.550049,2640.5,2520.850098,2623.5,68636
2665,2735,2635,2710.100098,58990
2726,2727,2645.199951,2656.850098,29340
2665.050049,2713.449951,2639.850098,2698.800049,16278
2722,2802.850098,2710,2739.649902,68733
2741.100098,2840,2741.100098,2828.350098,42207
2831.399902,2849,2800,2821.949951,30388
2820,2823.5,2743.699951,2749.949951,19453
2750,2762.199951,2703.600098,2722.800049,21725
2722,2743.699951,2705.100098,2717.699951,21664
2728,2761.949951,2665,2681.399902,34370
2694,2873.949951,2694,2842.5,121593
2838,2838,2748.300049,2754.949951,43692
2774.699951,2798,2716.800049,2780.949951,40036
2780,2810,2733.649902,2760.649902,46914
2777.449951,2790,2722.949951,2748.949951,22065
2764.699951,2791.5,2748.100098,2775.899902,20411
2766,2766.550049,2724.75,2732.899902,31798
2745.149902,2763.899902,2687.399902,2707.699951,35397
2691,2712.350098,2665,2673.199951,8932
2650,2682,2639.699951,2667.550049,14431
2673.75,2673.75,2575,2607.399902,20855
2640,2670.300049,2600.300049,2663.399902,17103
2665,2699,2594.300049,2605.5,31369
2600,2604.199951,2541.350098,2585.350098,41672
2580,2603.600098,2546.649902,2583.300049,15884
2583,2603.300049,2559,2574.100098,11044
2585,2616.600098,2573.75,2598.100098,14431
2610,2610,2573.649902,2584,9489
2594.199951,2639,2579.649902,2617.699951,19558
2600,2617,2571.75,2597.649902,24845
2620,2620,2582.800049,2587.050049,15328
2587,2617.449951,2585.199951,2605.850098,9690
2609.550049,2609.550049,2500,2513.600098,24561
2513,2513,2360,2380.199951,74120
2390,2456.449951,2374.050049,2441.199951,31992
2440,2454.199951,2393,2400.149902,16847
2424,2519.199951,2387.149902,2507.25,31734
2520,2583,2473.25,2569.050049,28296
2570.100098,2580,2515,2546.050049,23759
2533.949951,2567.699951,2491.199951,2542.449951,24897
2540,2556.300049,2508.800049,2522.149902,12043
2540.800049,2553.199951,2470,2479.699951,23320
2495,2503.300049,2379.199951,2387.649902,37198
2398,2452.850098,2363.449951,2404.899902,21331
2430,2480,2403.949951,2469.300049,28084
2475,2493.100098,2397.300049,2404.300049,16415
2401,2447,2381,2386.100098,15293
2399.649902,2486.899902,2368,2468.050049,36146
2439.699951,2444,2339,2403.75,33630
2400,2416.25,2246.100098,2259.350098,69851
2266.100098,2369,2228.25,2356.199951,110545
2301,2380,2301,2367.699951,37734
2330,2428.699951,2290.550049,2401.399902,93133
2390.600098,2433.600098,2347.050049,2400.25,44778
2400,2484,2372.649902,2465,40625
2480.949951,2527,2470,2505.199951,52752
2509.899902,2617.949951,2500,2587.600098,54878
2595.550049,2640.550049,2595.550049,2621,48237
2625,2651,2545.199951,2565,54968
2598.600098,2647.699951,2578.899902,2634.949951,45817
2581,2679.5,2549.75,2667.850098,41073
2684,2699.600098,2617.350098,2632.75,32681
2660,2678.100098,2633.300049,2669.300049,43150
2668.899902,2725,2663,2714.199951,43788